date,close
2014-10-23 16:00:00,19.859245714285716
2014-10-24 16:00:00,19.884132190476194
2014-10-27 16:00:00,19.81381797961075
2014-10-28 16:00:00,19.973172810943588
2014-10-29 16:00:00,20.082830906396296
2014-10-30 16:00:00,20.175478111845912
2014-10-31 16:00:00,20.190042298427173
2014-11-03 16:00:00,20.605180163599183
2014-11-04 16:00:00,20.391585071574642
2014-11-05 16:00:00,20.350521928450373
2014-11-06 16:00:00,20.22320247716557
2014-11-07 16:00:00,20.216228709813603
2014-11-10 16:00:00,20.310220942944994
2014-11-11 16:00:00,20.33940714041681
2014-11-12 16:00:00,20.24766484704577
2014-11-13 16:00:00,20.185804902967575
2014-11-14 16:00:00,20.165204406998694
2014-11-17 16:00:00,20.85324406779661
2014-11-18 16:00:00,20.722249598000868
2014-11-19 16:00:00,20.723926714041752
2014-11-20 16:00:00,20.720361769934218
2014-11-21 16:00:00,20.85352096777002
2014-11-24 16:00:00,21.239740740740743
2014-11-25 16:00:00,21.34233344518163
2014-11-26 16:00:00,21.418488303388415
2014-11-27 16:00:00,21.541774349962253
2014-11-28 16:00:00,21.602415633421412
2014-12-01 16:00:00,21.654387186629528
2014-12-02 16:00:00,21.56772892620863
2014-12-03 16:00:00,21.521534994971873
2014-12-04 16:00:00,21.43328201021362
2014-12-05 16:00:00,21.891273584102333
2014-12-08 16:00:00,21.445957726508052
2014-12-09 16:00:00,21.32597126131899
2014-12-10 16:00:00,21.295647507545993
2014-12-11 16:00:00,21.1889189247173
2014-12-12 16:00:00,21.09521419034526
2014-12-15 16:00:00,19.34137676792829
2014-12-16 16:00:00,19.903296372129823
2014-12-17 16:00:00,20.18338693716218
2014-12-18 16:00:00,20.646358681186083
2014-12-19 16:00:00,20.801022228291316
2014-12-22 16:00:00,21.039062260226483
2014-12-23 16:00:00,21.047042449647524
2014-12-24 16:00:00,21.075321045879004
2014-12-25 16:00:00,21.10616965521528
2014-12-26 16:00:00,21.143109902976736
2014-12-29 16:00:00,20.95839492919141
2014-12-30 16:00:00,20.850030964595703
2014-12-31 16:00:00,20.788211497228
2015-01-01 16:00:00,20.6761738003791
2015-01-02 16:00:00,20.62228183864471
2015-01-05 16:00:00,19.81451590909091
2015-01-06 16:00:00,19.81389402431857
2015-01-07 16:00:00,19.865562796727954
2015-01-08 16:00:00,19.968900341546718
2015-01-09 16:00:00,20.13738431213446
2015-01-12 16:00:00,20.050139130434783
2015-01-13 16:00:00,20.24065456521739
2015-01-14 16:00:00,20.276169349712408
2015-01-15 16:00:00,20.411039639567477
2015-01-16 16:00:00,20.419414337898672
2015-01-19 16:00:00,20.717182385769096
2015-01-20 16:00:00,20.72612274154168
2015-01-21 16:00:00,20.699574799334403
2015-01-22 16:00:00,20.703646926396164
2015-01-23 16:00:00,20.747873513005697
2015-01-26 16:00:00,21.096985714285715
2015-01-27 16:00:00,21.07931994047619
2015-01-28 16:00:00,21.085444404761905
2015-01-29 16:00:00,21.09907635964912
2015-01-30 16:00:00,21.116770804093566
2015-02-02 16:00:00,21.399639174244285
2015-02-03 16:00:00,21.584698158550715
2015-02-04 16:00:00,21.665222581890955
2015-02-05 16:00:00,21.72556507936508
2015-02-06 16:00:00,21.595203174603174
2015-02-09 16:00:00,21.004253846153844
2015-02-10 16:00:00,21.08054141715167
2015-02-11 16:00:00,21.105444278101114
2015-02-12 16:00:00,21.244825502936887
2015-02-13 16:00:00,21.446736673553715
2015-02-16 16:00:00,21.991818780215695
2015-02-17 16:00:00,21.78436517958153
2015-02-18 16:00:00,21.740863244721023
2015-02-19 16:00:00,21.637500574392714
2015-02-20 16:00:00,21.649652422506147
2015-02-23 16:00:00,21.886683333333334
2015-02-24 16:00:00,21.891708333333334
2015-02-25 16:00:00,21.958548611111112
2015-02-26 16:00:00,22.004840833333333
2015-02-27 16:00:00,22.04762776143791
2015-03-02 16:00:00,22.07768
2015-03-03 16:00:00,22.103695555555557
2015-03-04 16:00:00,21.98180006734007
2015-03-05 16:00:00,21.985651674754227
2015-03-06 16:00:00,21.883602516505068
2015-03-09 16:00:00,21.930757894736843
2015-03-10 16:00:00,21.705108947368423
2015-03-11 16:00:00,21.670161520467833
2015-03-12 16:00:00,21.610569494949498
2015-03-13 16:00:00,21.648760021265286
2015-03-16 16:00:00,22.37138
2015-03-17 16:00:00,22.252234736842105
2015-03-18 16:00:00,22.167874673046253
2015-03-19 16:00:00,22.04571467304625
2015-03-20 16:00:00,22.192007070707067
2015-03-23 16:00:00,22.527471428571427
2015-03-24 16:00:00,22.594316269841272
2015-03-25 16:00:00,22.660820370370374
2015-03-26 16:00:00,22.571443929267616
2015-03-27 16:00:00,22.483052130325813
2015-03-30 16:00:00,22.730240000000002
2015-03-31 16:00:00,22.55847
2015-04-01 16:00:00,22.515713333333334
2015-04-02 16:00:00,22.506966666666667
2015-04-03 16:00:00,22.585516157878505
2015-04-06 16:00:00,22.8238
2015-04-07 16:00:00,22.845599999999997
2015-04-08 16:00:00,22.823056666666663
2015-04-09 16:00:00,22.760723333333335
2015-04-10 16:00:00,22.730903333333334
2015-04-13 16:00:00,22.728375
2015-04-14 16:00:00,22.70527361111111
2015-04-15 16:00:00,22.70646812169312
2015-04-16 16:00:00,22.625212818662817
2015-04-17 16:00:00,22.404722077922077
2015-04-20 16:00:00,22.190338181818184
2015-04-21 16:00:00,22.273437840909093
2015-04-22 16:00:00,22.206895227272728
2015-04-23 16:00:00,22.1305325
2015-04-24 16:00:00,22.03064380952381
2015-04-27 16:00:00,22.63
2015-04-28 16:00:00,22.52652727272727
2015-04-29 16:00:00,22.394610774410776
2015-04-30 16:00:00,22.257308813626462
2015-05-01 16:00:00,22.227143572984755
2015-05-04 16:00:00,22.4867
2015-05-05 16:00:00,22.30975294117647
2015-05-06 16:00:00,22.269720240354207
2015-05-07 16:00:00,22.202409658343623
2015-05-08 16:00:00,22.369890493258236
2015-05-11 16:00:00,22.519268181818184
2015-05-12 16:00:00,22.418443492618493
2015-05-13 16:00:00,22.439317883967885
2015-05-14 16:00:00,22.518028490028488
2015-05-15 16:00:00,22.580092810457515
2015-05-18 16:00:00,22.65724347826087
2015-05-19 16:00:00,22.69834232736573
2015-05-20 16:00:00,22.68002821824382
2015-05-21 16:00:00,22.74151848739496
2015-05-22 16:00:00,22.65729801645917
2015-05-25 16:00:00,22.267049525228074
2015-05-26 16:00:00,22.109608095947372
2015-05-27 16:00:00,22.098062540155393
2015-05-28 16:00:00,22.00715806878307
2015-05-29 16:00:00,21.985702513227512
2015-06-01 16:00:00,21.594075
2015-06-02 16:00:00,21.703973214285714
2015-06-03 16:00:00,21.873007142857144
2015-06-04 16:00:00,22.05738214285714
2015-06-05 16:00:00,21.95489166666667
2015-06-08 16:00:00,21.537055555555554
2015-06-09 16:00:00,21.385995486111113
2015-06-10 16:00:00,21.51975786030596
2015-06-11 16:00:00,21.72830208688548
2015-06-12 16:00:00,21.860990281329922
2015-06-15 16:00:00,21.3307
2015-06-16 16:00:00,21.3517
2015-06-17 16:00:00,21.364275268817206
2015-06-18 16:00:00,21.480163674614307
2015-06-19 16:00:00,21.561724785725417
2015-06-22 16:00:00,22.3115
2015-06-23 16:00:00,22.36665
2015-06-24 16:00:00,22.3031
2015-06-25 16:00:00,22.2272
2015-06-26 16:00:00,22.182225641025642
2015-06-29 16:00:00,21.660600000000002
2015-06-30 16:00:00,21.486150000000002
2015-07-01 16:00:00,21.50398205128205
2015-07-02 16:00:00,21.38608205128205
2015-07-03 16:00:00,21.343850135863764
2015-07-06 16:00:00,20.822437037037037
2015-07-07 16:00:00,20.62992145969499
2015-07-08 16:00:00,20.580662791311813
2015-07-09 16:00:00,20.645217112299466
2015-07-10 16:00:00,21.091998484848485
2015-07-13 16:00:00,21.85046666666667
2015-07-14 16:00:00,21.830133333333336
2015-07-15 16:00:00,21.8307404040404
2015-07-16 16:00:00,21.920834848484848
2015-07-17 16:00:00,21.94495623213265
2015-07-20 16:00:00,21.900515384615385
2015-07-21 16:00:00,21.899717448405255
2015-07-22 16:00:00,21.81659163227017
2015-07-23 16:00:00,21.775708726287263
2015-07-24 16:00:00,21.66363359477124
2015-07-27 16:00:00,21.1839
2015-07-28 16:00:00,21.242423369565216
2015-07-29 16:00:00,21.262048913043476
2015-07-30 16:00:00,21.237582246376814
2015-07-31 16:00:00,21.280697959183673
2015-08-03 16:00:00,21.647721951219513
2015-08-04 16:00:00,21.64213944209277
2015-08-05 16:00:00,21.695226294728513
2015-08-06 16:00:00,21.75729481098868
2015-08-07 16:00:00,21.790089166666665
2015-08-10 16:00:00,21.759075675675675
2015-08-11 16:00:00,21.69755625889047
2015-08-12 16:00:00,21.49335750592698
2015-08-13 16:00:00,21.29740496588694
2015-08-14 16:00:00,21.116372437845524
2015-08-17 16:00:00,20.878132258064515
2015-08-18 16:00:00,20.829970129032255
2015-08-19 16:00:00,20.68768621979891
2015-08-20 16:00:00,20.489821763407036
2015-08-21 16:00:00,20.266552430073705
2015-08-24 16:00:00,19.037460000000003
2015-08-25 16:00:00,19.464808571428573
2015-08-26 16:00:00,19.571310533562823
2015-08-27 16:00:00,19.88084204871434
2015-08-28 16:00:00,19.869664315649278
2015-08-31 16:00:00,19.6824
2015-09-01 16:00:00,19.532114516129035
2015-09-02 16:00:00,19.53134301075269
2015-09-03 16:00:00,19.569931470037986
2015-09-04 16:00:00,19.536549479321724
2015-09-07 16:00:00,19.594301675977654
2015-09-08 16:00:00,19.72003498433029
2015-09-09 16:00:00,19.828359529783413
2015-09-10 16:00:00,19.878152910518136
2015-09-11 16:00:00,19.857380406707158
2015-09-14 16:00:00,19.78364406779661
2015-09-15 16:00:00,19.790477172238226
2015-09-16 16:00:00,19.85191273180271
2015-09-17 16:00:00,19.915561810653113
2015-09-18 16:00:00,19.819759365485325
2015-09-21 16:00:00,19.20989230769231
2015-09-22 16:00:00,18.909499725274728
2015-09-23 16:00:00,18.825029068550496
2015-09-24 16:00:00,18.502567668689096
2015-09-25 16:00:00,18.53190450342299
2015-09-28 16:00:00,18.258114516129034
2015-09-29 16:00:00,18.25366693548387
2015-09-30 16:00:00,18.38768629032258
2015-10-01 16:00:00,18.48193468544375
2015-10-02 16:00:00,18.51436644521296
2015-10-05 16:00:00,18.998316216216214
2015-10-06 16:00:00,19.046241034937374
2015-10-07 16:00:00,19.18593773913858
2015-10-08 16:00:00,19.311236427300425
2015-10-09 16:00:00,19.52067205183849
2015-10-12 16:00:00,19.799707547169813
2015-10-13 16:00:00,19.711453773584907
2015-10-14 16:00:00,19.699592991913747
2015-10-15 16:00:00,19.663683268983267
2015-10-16 16:00:00,19.699005220202782
2015-10-19 16:00:00,19.84152121212121
2015-10-20 16:00:00,19.858975757575756
2015-10-21 16:00:00,19.907669345630215
2015-10-22 16:00:00,20.005809044713864
2015-10-23 16:00:00,20.241832277037094
2015-10-26 16:00:00,20.587038461538462
2015-10-27 16:00:00,20.535351981860934
2015-10-28 16:00:00,20.52468122320141
2015-10-29 16:00:00,20.434072190567374
2015-10-30 16:00:00,20.47440677033134
2015-11-02 16:00:00,20.74746842105263
2015-11-03 16:00:00,20.67531754385965
2015-11-04 16:00:00,20.587192316061472
2015-11-05 16:00:00,20.49275341405712
2015-11-06 16:00:00,20.421731797895504
2015-11-09 16:00:00,20.178945600000002
2015-11-10 16:00:00,20.06815816585366
2015-11-11 16:00:00,20.124238777235774
2015-11-12 16:00:00,20.066365754106517
2015-11-13 16:00:00,19.995908506553423
2015-11-16 16:00:00,19.80131731092437
2015-11-17 16:00:00,19.938408655462187
2015-11-18 16:00:00,19.991453138729174
2015-11-19 16:00:00,20.17300483968542
2015-11-20 16:00:00,20.315986525260783
2015-11-23 16:00:00,20.274925731707317
2015-11-24 16:00:00,20.18493680680359
2015-11-25 16:00:00,20.2485066089003
2015-11-26 16:00:00,20.33669626725732
2015-11-27 16:00:00,20.495855072979168
2015-11-30 16:00:00,20.698056097560976
2015-12-01 16:00:00,20.703937726199843
2015-12-02 16:00:00,20.64753956521431
2015-12-03 16:00:00,20.519637532693988
2015-12-04 16:00:00,20.31673641441441
2015-12-07 16:00:00,20.2969
2015-12-08 16:00:00,20.189504854368934
2015-12-09 16:00:00,20.152226119128837
2015-12-10 16:00:00,20.00051183151055
2015-12-11 16:00:00,19.835548595264598
2015-12-14 16:00:00,19.483980000000003
2015-12-15 16:00:00,19.586928117066293
2015-12-16 16:00:00,19.67370343049488
2015-12-17 16:00:00,19.882453629925077
2015-12-18 16:00:00,19.9040402300418
2015-12-21 16:00:00,20.074648
2015-12-22 16:00:00,19.95486183783784
2015-12-23 16:00:00,20.00962093537015
2015-12-24 16:00:00,20.043914657592378
2015-12-25 16:00:00,20.14789096061026
2015-12-28 16:00:00,20.142833333333332
2015-12-29 16:00:00,20.254754166666665
2015-12-30 16:00:00,20.286796006944442
2015-12-31 16:00:00,20.240113467261907
2016-01-01 16:00:00,20.074117468465275
2016-01-04 16:00:00,19.38798679245283
2016-01-05 16:00:00,19.221018396226413
2016-01-06 16:00:00,19.07642654986523
2016-01-07 16:00:00,18.8242589093702
2016-01-08 16:00:00,18.684067783829075
2016-01-11 16:00:00,18.63917142857143
2016-01-12 16:00:00,18.713559907834103
2016-01-13 16:00:00,18.736766254345543
2016-01-14 16:00:00,18.62748950364526
2016-01-15 16:00:00,18.32029895600835
2016-01-18 16:00:00,18.115600297840654
2016-01-19 16:00:00,18.149117540224672
2016-01-20 16:00:00,18.01654224903867
2016-01-21 16:00:00,17.875108816425122
2016-01-22 16:00:00,17.911198957042544
2016-01-25 16:00:00,18.243170454545456
2016-01-26 16:00:00,18.315945336792527
2016-01-27 16:00:00,18.380187645452924
2016-01-28 16:00:00,18.366191372624474
2016-01-29 16:00:00,18.33599534349842
2016-02-01 16:00:00,18.234893617021278
2016-02-02 16:00:00,18.145565856129686
2016-02-03 16:00:00,18.08935284717589
2016-02-04 16:00:00,18.002936020587097
2016-02-05 16:00:00,17.963169625294025
2016-02-08 16:00:00,17.348667741935483
2016-02-09 16:00:00,17.34201387096774
2016-02-10 16:00:00,17.374041951714343
2016-02-11 16:00:00,17.335317783767596
2016-02-12 16:00:00,17.34364041534654
2016-02-15 16:00:00,17.769082652186338
2016-02-16 16:00:00,17.833654244069734
2016-02-17 16:00:00,17.898225835953127
2016-02-18 16:00:00,18.01926018998625
2016-02-19 16:00:00,18.021523317132317
2016-02-22 16:00:00,18.137762913907284
2016-02-23 16:00:00,18.067959128186516
2016-02-24 16:00:00,17.853777880329474
2016-02-25 16:00:00,17.742314383016247
2016-02-26 16:00:00,17.74416866280039
2016-02-29 16:00:00,17.70741325301205
2016-03-01 16:00:00,17.93082682494685
2016-03-02 16:00:00,18.002640871803646
2016-03-03 16:00:00,18.210277082018465
2016-03-04 16:00:00,18.348877341881447
2016-03-07 16:00:00,18.427462000000002
2016-03-08 16:00:00,18.46041561538462
2016-03-09 16:00:00,18.46077100637345
2016-03-10 16:00:00,18.55981367304011
2016-03-11 16:00:00,18.658165639294925
2016-03-14 16:00:00,19.02192857142857
2016-03-15 16:00:00,18.967034555984554
2016-03-16 16:00:00,18.95571851470997
2016-03-17 16:00:00,18.98648399090045
2016-03-18 16:00:00,19.109400189991597
2016-03-21 16:00:00,19.27854290563476
2016-03-22 16:00:00,19.208793810540957
2016-03-23 16:00:00,19.24335973924019
2016-03-24 16:00:00,19.136401061083816
2016-03-25 16:00:00,19.07289883487137
2016-03-28 16:00:00,18.921151533742332
2016-03-29 16:00:00,18.976625250964027
2016-03-30 16:00:00,19.20594646360565
2016-03-31 16:00:00,19.413456236046148
2016-04-01 16:00:00,19.438684222260665
2016-04-04 16:00:00,19.308076056338027
2016-04-05 16:00:00,18.97784329853178
2016-04-06 16:00:00,18.89490765356664
2016-04-07 16:00:00,18.71155311710696
2016-04-08 16:00:00,18.803481603531782
2016-04-11 16:00:00,19.02076568340464
2016-04-12 16:00:00,18.970522496874736
2016-04-13 16:00:00,19.09191499791649
2016-04-14 16:00:00,19.25753004688991
2016-04-15 16:00:00,19.43996118586588
2016-04-18 16:00:00,19.542892381656802
2016-04-19 16:00:00,19.843339739215498
2016-04-20 16:00:00,19.96121134129518
2016-04-21 16:00:00,20.127215647322696
2016-04-22 16:00:00,20.09041185475248
2016-04-25 16:00:00,19.85633043478261
2016-04-26 16:00:00,19.876158407519277
2016-04-27 16:00:00,19.89658795795403
2016-04-28 16:00:00,19.9028118141779
2016-04-29 16:00:00,19.866784897558333
2016-05-02 16:00:00,19.951448292797004
2016-05-03 16:00:00,19.81585463420338
2016-05-04 16:00:00,19.703937245847523
2016-05-05 16:00:00,19.46228687594805
2016-05-06 16:00:00,19.339820351914387
2016-05-09 16:00:00,19.512623076923077
2016-05-10 16:00:00,19.53181153846154
2016-05-11 16:00:00,19.528505564648118
2016-05-12 16:00:00,19.421819055931547
2016-05-13 16:00:00,19.285457151169645
2016-05-16 16:00:00,19.16521655596556
2016-05-17 16:00:00,19.17020978675471
2016-05-18 16:00:00,19.082446630443357
2016-05-19 16:00:00,18.949019848072698
2016-05-20 16:00:00,18.87736006086274
2016-05-23 16:00:00,18.840828828828826
2016-05-24 16:00:00,18.925801914414414
2016-05-25 16:00:00,19.098007859906165
2016-05-26 16:00:00,19.34950581275436
2016-05-27 16:00:00,19.528555171728716
2016-05-30 16:00:00,19.60086015200869
2016-05-31 16:00:00,19.629206546592577
2016-06-01 16:00:00,19.58177103106172
2016-06-02 16:00:00,19.551866995394498
2016-06-03 16:00:00,19.513347219878103
2016-06-06 16:00:00,19.634530323488043
2016-06-07 16:00:00,19.77285709722789
2016-06-08 16:00:00,19.831147940493
2016-06-09 16:00:00,19.782404499330323
2016-06-10 16:00:00,19.463228923293457
2016-06-13 16:00:00,18.62779090909091
2016-06-14 16:00:00,18.517175454545455
2016-06-15 16:00:00,18.497688647753158
2016-06-16 16:00:00,18.29912501138952
2016-06-17 16:00:00,18.353011003898885
2016-06-20 16:00:00,19.292294594594594
2016-06-21 16:00:00,19.276988206388204
2016-06-22 16:00:00,19.37635273018473
2016-06-23 16:00:00,19.543951967883967
2016-06-24 16:00:00,19.223574695156696
2016-06-27 16:00:00,17.589425
2016-06-28 16:00:00,17.8090125
2016-06-29 16:00:00,17.964541666666666
2016-06-30 16:00:00,18.17164962962963
2016-07-01 16:00:00,18.353210622537432
2016-07-04 16:00:00,18.476903439349112
2016-07-05 16:00:00,18.273544576817415
2016-07-06 16:00:00,18.085454717878275
2016-07-07 16:00:00,17.907874501661126
2016-07-08 16:00:00,17.91780497637045
2016-07-11 16:00:00,18.490061224489796
2016-07-12 16:00:00,18.672027278911564
2016-07-13 16:00:00,18.723446092917786
2016-07-14 16:00:00,18.93881796117729
2016-07-15 16:00:00,18.988454054824036
2016-07-18 16:00:00,18.974256405990015
2016-07-19 16:00:00,18.8714358953027
2016-07-20 16:00:00,18.913837846059405
2016-07-21 16:00:00,18.975468719808514
2016-07-22 16:00:00,19.055830258270053
2016-07-25 16:00:00,19.11129411764706
2016-07-26 16:00:00,19.18062205882353
2016-07-27 16:00:00,19.237864263404475
2016-07-28 16:00:00,19.377623799946363
2016-07-29 16:00:00,19.52531734874231
2016-08-01 16:00:00,19.58420344827586
2016-08-02 16:00:00,19.546626228387222
2016-08-03 16:00:00,19.478203199877196
2016-08-04 16:00:00,19.41142798652497
2016-08-05 16:00:00,19.409432814379937
2016-08-08 16:00:00,19.710714503816792
2016-08-09 16:00:00,19.855899112373514
2016-08-10 16:00:00,20.005518455868057
2016-08-11 16:00:00,20.22376317081201
2016-08-12 16:00:00,20.35406010306356
2016-08-15 16:00:00,20.4831206
2016-08-16 16:00:00,20.48586655
2016-08-17 16:00:00,20.38331103333333
2016-08-18 16:00:00,20.348811667416744
2016-08-19 16:00:00,20.30646940551198
2016-08-22 16:00:00,20.3995484304119
2016-08-23 16:00:00,20.40902039557249
2016-08-24 16:00:00,20.41187550181023
2016-08-25 16:00:00,20.35702386736646
2016-08-26 16:00:00,20.31186808045543
2016-08-29 16:00:00,20.033115189873417
2016-08-30 16:00:00,20.153009349322673
2016-08-31 16:00:00,20.145396662105526
2016-09-01 16:00:00,20.184113626211648
2016-09-02 16:00:00,20.196592456621005
2016-09-05 16:00:00,20.353317092337917
2016-09-06 16:00:00,20.37803919133025
2016-09-07 16:00:00,20.434992794220165
2016-09-08 16:00:00,20.48622324205832
2016-09-09 16:00:00,20.43005028759295
2016-09-12 16:00:00,19.892925
2016-09-13 16:00:00,19.9510625
2016-09-14 16:00:00,19.940294565719565
2016-09-15 16:00:00,19.923153310575533
2016-09-16 16:00:00,19.78024219946442
2016-09-19 16:00:00,19.672983766233767
2016-09-20 16:00:00,19.733339532151305
2016-09-21 16:00:00,19.779436611177797
2016-09-22 16:00:00,20.043691484798796
2016-09-23 16:00:00,20.200638787471103
2016-09-26 16:00:00,19.9468
2016-09-27 16:00:00,19.817270469798657
2016-09-28 16:00:00,19.883680313199104
2016-09-29 16:00:00,19.89956992793947
2016-09-30 16:00:00,19.954430155280907
2016-10-03 16:00:00,20.009814010378058
2016-10-04 16:00:00,20.081258025597194
2016-10-05 16:00:00,20.113037073147623
2016-10-06 16:00:00,20.155869582508785
2016-10-07 16:00:00,20.090392791591245
2016-10-10 16:00:00,20.163360571964372
2016-10-11 16:00:00,20.05701791241509
2016-10-12 16:00:00,19.949636319719513
2016-10-13 16:00:00,19.72501325258418
2016-10-14 16:00:00,19.693964449789927
2016-10-17 16:00:00,19.680694611186905
2016-10-18 16:00:00,19.77627612004452
2016-10-19 16:00:00,19.78779849602407
2016-10-20 16:00:00,19.86249972411328
2016-10-21 16:00:00,19.836251133948263
2016-10-24 16:00:00,20.017
2016-10-25 16:00:00,19.988131538461538
2016-10-26 16:00:00,19.965513764048723
2016-10-27 16:00:00,19.924212794250995
2016-10-28 16:00:00,19.908370294250997
2016-10-31 16:00:00,19.824237994722953
2016-11-01 16:00:00,19.820778606236992
2016-11-02 16:00:00,19.777456240186577
2016-11-03 16:00:00,19.683452369248776
2016-11-04 16:00:00,19.553331419371204
2016-11-07 16:00:00,19.59476666666667
2016-11-08 16:00:00,19.683364908136483
2016-11-09 16:00:00,19.662434534226914
2016-11-10 16:00:00,19.706123906207583
2016-11-11 16:00:00,19.693464294247317
2016-11-14 16:00:00,19.55422380952381
2016-11-15 16:00:00,19.546889682539682
2016-11-16 16:00:00,19.48869312169312
2016-11-17 16:00:00,19.431653167641326
2016-11-18 16:00:00,19.352245234503457
2016-11-21 16:00:00,19.38527627118644
2016-11-22 16:00:00,19.305081095020427
2016-11-23 16:00:00,19.238373241429144
2016-11-24 16:00:00,19.167909058010405
2016-11-25 16:00:00,19.155151030918077
2016-11-28 16:00:00,19.130716448726773
2016-11-29 16:00:00,19.08540255426029
2016-11-30 16:00:00,19.123670401682983
2016-12-01 16:00:00,19.094087577677502
2016-12-02 16:00:00,19.10562343451114
2016-12-05 16:00:00,19.485133333333334
2016-12-06 16:00:00,19.56184347079038
2016-12-07 16:00:00,19.714770752678817
2016-12-08 16:00:00,19.935550608144037
2016-12-09 16:00:00,20.092299405394897
2016-12-12 16:00:00,20.216563636363638
2016-12-13 16:00:00,20.301836696230602
2016-12-14 16:00:00,20.29076953457627
2016-12-15 16:00:00,20.246762389733345
2016-12-16 16:00:00,20.218714650022484
2016-12-19 16:00:00,20.314914678899083
2016-12-20 16:00:00,20.269550525139493
2016-12-21 16:00:00,20.308224159616802
2016-12-22 16:00:00,20.31800860109767
2016-12-23 16:00:00,20.348344873994314
2016-12-26 16:00:00,20.26119072356215
2016-12-27 16:00:00,20.311616414412654
2016-12-28 16:00:00,20.3044754590708
2016-12-29 16:00:00,20.33225110023636
2016-12-30 16:00:00,20.393887471652704
2017-01-02 16:00:00,20.4862
2017-01-03 16:00:00,20.47768010752688
2017-01-04 16:00:00,20.49955340501792
2017-01-05 16:00:00,20.593618317298624
2017-01-06 16:00:00,20.722970514521602
2017-01-09 16:00:00,20.67338801843318
2017-01-10 16:00:00,20.73370115207373
2017-01-11 16:00:00,20.695396601382487
2017-01-12 16:00:00,20.77563097498493
2017-01-13 16:00:00,20.808581618288958
2017-01-16 16:00:00,20.980045613269315
2017-01-17 16:00:00,20.995961041928776
2017-01-18 16:00:00,21.01311474306209
2017-01-19 16:00:00,20.99837401523273
2017-01-20 16:00:00,21.042135191703316
2017-01-23 16:00:00,21.066514968376666
2017-01-24 16:00:00,21.09889574785393
2017-01-25 16:00:00,21.240378117616903
2017-01-26 16:00:00,21.378421873677727
2017-01-27 16:00:00,21.50023873404524
2017-01-30 16:00:00,21.141748648648647
2017-01-31 16:00:00,21.2024634702318
2017-02-01 16:00:00,21.265675646821197
2017-02-02 16:00:00,21.3570660601831
2017-02-03 16:00:00,21.34970662957811
2017-02-06 16:00:00,21.085427118644066
2017-02-07 16:00:00,21.061602448210923
2017-02-08 16:00:00,21.014759493775838
2017-02-09 16:00:00,20.978296153152545
2017-02-10 16:00:00,21.006408061776497
2017-02-13 16:00:00,21.27562558139535
2017-02-14 16:00:00,21.238433335616673
2017-02-15 16:00:00,21.19673358738081
2017-02-16 16:00:00,21.197526814634994
2017-02-17 16:00:00,21.201313118022327
2017-02-20 16:00:00,21.2126
2017-02-21 16:00:00,21.294777272727273
2017-02-22 16:00:00,21.324748573975043
2017-02-23 16:00:00,21.44990210932858
2017-02-24 16:00:00,21.383713557140027
2017-02-27 16:00:00,21.28149677419355
2017-02-28 16:00:00,21.291732533438235
2017-03-01 16:00:00,21.375170564214447
2017-03-02 16:00:00,21.459800835062808
2017-03-03 16:00:00,21.543075989169836
2017-03-06 16:00:00,21.628036170212766
2017-03-07 16:00:00,21.528037650323775
2017-03-08 16:00:00,21.493951846722837
2017-03-09 16:00:00,21.492822414701802
2017-03-10 16:00:00,21.562914843860355
2017-03-13 16:00:00,21.7105
2017-03-14 16:00:00,21.66572222222222
2017-03-15 16:00:00,21.671466374749134
2017-03-16 16:00:00,21.761424575807336
2017-03-17 16:00:00,21.903097963239713
2017-03-20 16:00:00,21.975164864864865
2017-03-21 16:00:00,22.07134493243243
2017-03-22 16:00:00,21.994943487010786
2017-03-23 16:00:00,21.959450070517367
2017-03-24 16:00:00,21.928300996443294
2017-03-27 16:00:00,22.037556626506024
2017-03-28 16:00:00,22.16709974182444
2017-03-29 16:00:00,22.187063464246595
2017-03-30 16:00:00,22.24753806700546
2017-03-31 16:00:00,22.218990270337944
2017-04-03 16:00:00,22.27064054054054
2017-04-04 16:00:00,22.217111802528336
2017-04-05 16:00:00,22.203875530043764
2017-04-06 16:00:00,22.126726440587337
2017-04-07 16:00:00,22.066206662019813
2017-04-10 16:00:00,21.8794025
2017-04-11 16:00:00,21.899754375
2017-04-12 16:00:00,21.88539004008746
2017-04-13 16:00:00,21.858384294473428
2017-04-14 16:00:00,21.804230801521523
2017-04-17 16:00:00,21.881028855721393
2017-04-18 16:00:00,21.8377050528607
2017-04-19 16:00:00,21.846975411584552
2017-04-20 16:00:00,21.875191809270916
2017-04-21 16:00:00,21.895099215116076
2017-04-24 16:00:00,22.90993870967742
2017-04-25 16:00:00,22.957044826536823
2017-04-26 16:00:00,22.964563217691218
2017-04-27 16:00:00,22.983946232832754
2017-04-28 16:00:00,22.953100631525803
2017-05-01 16:00:00,23.07587118644068
2017-05-02 16:00:00,23.06228374136849
2017-05-03 16:00:00,23.069769862666714
2017-05-04 16:00:00,23.163035399389873
2017-05-05 16:00:00,23.30460084964405
2017-05-08 16:00:00,23.46604375
2017-05-09 16:00:00,23.488497484756095
2017-05-10 16:00:00,23.449469156504065
2017-05-11 16:00:00,23.388671239837397
2017-05-12 16:00:00,23.369568875838926
2017-05-15 16:00:00,23.63236779661017
2017-05-16 16:00:00,23.815370995079277
2017-05-17 16:00:00,23.77389384168076
2017-05-18 16:00:00,23.754248054404908
2017-05-19 16:00:00,23.705241271940057
2017-05-22 16:00:00,23.994711111111112
2017-05-23 16:00:00,23.984584126984124
2017-05-24 16:00:00,23.937846789784288
2017-05-25 16:00:00,23.88731082801607
2017-05-26 16:00:00,23.78755844706369
2017-05-29 16:00:00,23.8075674796748
2017-05-30 16:00:00,23.775039597577987
2017-05-31 16:00:00,23.860650536316356
2017-06-01 16:00:00,23.894450265313647
2017-06-02 16:00:00,24.094079693486588
2017-06-05 16:00:00,24.2308
2017-06-06 16:00:00,24.17042
2017-06-07 16:00:00,24.152295962441315
2017-06-08 16:00:00,24.069019419231438
2017-06-09 16:00:00,24.052706085898105
2017-06-12 16:00:00,24.027744144144144
2017-06-13 16:00:00,24.077565887221482
2017-06-14 16:00:00,24.212619415010398
2017-06-15 16:00:00,24.139595410678197
2017-06-16 16:00:00,24.10435924405685
2017-06-19 16:00:00,24.1982625
2017-06-20 16:00:00,24.186897379032256
2017-06-21 16:00:00,24.13420877900396
2017-06-22 16:00:00,24.07960022637238
2017-06-23 16:00:00,24.032022807017544
2017-06-26 16:00:00,24.25949090909091
2017-06-27 16:00:00,24.23118229665072
2017-06-28 16:00:00,24.21522153110048
2017-06-29 16:00:00,24.128625474645517
2017-06-30 16:00:00,24.006949189104077
2017-07-03 16:00:00,23.904324861878454
2017-07-04 16:00:00,23.906587934294933
2017-07-05 16:00:00,23.914771771652216
2017-07-06 16:00:00,23.87379040743632
2017-07-07 16:00:00,23.826406738532516
2017-07-10 16:00:00,23.931340000000002
2017-07-11 16:00:00,23.965659688249403
2017-07-12 16:00:00,24.062246141372615
2017-07-13 16:00:00,24.206166141372616
2017-07-14 16:00:00,24.333170943334153
2017-07-17 16:00:00,24.33582662116041
2017-07-18 16:00:00,24.267513310580206
2017-07-19 16:00:00,24.244742207053473
2017-07-20 16:00:00,24.279595402298852
2017-07-21 16:00:00,24.23958429118774
2017-07-24 16:00:00,23.901308
2017-07-25 16:00:00,24.024421741935484
2017-07-26 16:00:00,24.05162855084856
2017-07-27 16:00:00,24.098347918080194
2017-07-28 16:00:00,24.065630207770266
2017-07-31 16:00:00,24.116396466431095
2017-08-01 16:00:00,24.237276214866924
2017-08-02 16:00:00,24.29205593811641
2017-08-03 16:00:00,24.37596118721953
2017-08-04 16:00:00,24.385717307560057
2017-08-07 16:00:00,24.338702325581394
2017-08-08 16:00:00,24.26376546221488
2017-08-09 16:00:00,24.181288996667845
2017-08-10 16:00:00,24.02845703867835
2017-08-11 16:00:00,23.912751672395558
2017-08-14 16:00:00,24.20450888993415
2017-08-15 16:00:00,24.165692906505537
2017-08-16 16:00:00,24.205743087095644
2017-08-17 16:00:00,24.215043154087294
2017-08-18 16:00:00,24.200908492061945
2017-08-21 16:00:00,24.115340314136127
2017-08-22 16:00:00,24.162603490401395
2017-08-23 16:00:00,24.20662661307794
2017-08-24 16:00:00,24.27891317503256
2017-08-25 16:00:00,24.32804095281034
2017-08-28 16:00:00,24.5255625
2017-08-29 16:00:00,24.373683377659574
2017-08-30 16:00:00,24.317091703249844
2017-08-31 16:00:00,24.222614679440323
2017-09-01 16:00:00,24.26497992766727
2017-09-04 16:00:00,24.463886607142857
2017-09-05 16:00:00,24.46897225093985
2017-09-06 16:00:00,24.524635554680618
2017-09-07 16:00:00,24.7003784805048
2017-09-08 16:00:00,24.839918665985333
2017-09-11 16:00:00,25.258694177831913
2017-09-12 16:00:00,25.294089396608264
2017-09-13 16:00:00,25.254690635153807
2017-09-14 16:00:00,25.21424529326781
2017-09-15 16:00:00,25.187958208358182
2017-09-18 16:00:00,25.33859329860289
2017-09-19 16:00:00,25.378386649301447
2017-09-20 16:00:00,25.401091099534298
2017-09-21 16:00:00,25.422076230223677
2017-09-22 16:00:00,25.422347259741315
2017-09-25 16:00:00,25.2386
2017-09-26 16:00:00,25.16458
2017-09-27 16:00:00,25.119711919191918
2017-09-28 16:00:00,25.119672651403317
2017-09-29 16:00:00,25.219193939969557
2017-10-02 16:00:00,25.5259
2017-10-03 16:00:00,25.586623437500002
2017-10-04 16:00:00,25.621948958333334
2017-10-05 16:00:00,25.665113664215685
2017-10-06 16:00:00,25.64151708683474
2017-10-09 16:00:00,25.694293548387098
2017-10-10 16:00:00,25.72219677419355
2017-10-11 16:00:00,25.792922487143525
2017-10-12 16:00:00,25.879479082125602
2017-10-13 16:00:00,25.947156275108057
2017-10-16 16:00:00,25.938664705882353
2017-10-17 16:00:00,25.863769987349777
2017-10-18 16:00:00,25.875033492967077
2017-10-19 16:00:00,25.877672793904846
2017-10-20 16:00:00,25.903333492860636
2017-10-23 16:00:00,25.829373626373627
2017-10-24 16:00:00,25.831879566810002
2017-10-25 16:00:00,25.859890763838248
2017-10-26 16:00:00,25.84977647812396
2017-10-27 16:00:00,25.867997747397997
2017-10-30 16:00:00,25.970246153846155
2017-10-31 16:00:00,26.029055429864254
2017-11-01 16:00:00,26.16162028657617
2017-11-02 16:00:00,26.334625735294114
2017-11-03 16:00:00,26.456551911141386
2017-11-06 16:00:00,26.403036065573772
2017-11-07 16:00:00,26.35562961495472
2017-11-08 16:00:00,26.298565993303146
2017-11-09 16:00:00,26.14806203596135
2017-11-10 16:00:00,26.025227647849462
2017-11-13 16:00:00,25.607174999999998
2017-11-14 16:00:00,25.720066810344825
2017-11-15 16:00:00,25.703612514086092
2017-11-16 16:00:00,25.825804568349657
2017-11-17 16:00:00,25.837897316377024
2017-11-20 16:00:00,25.96513773584906
2017-11-21 16:00:00,25.987953650533225
2017-11-22 16:00:00,26.023710125996512
2017-11-23 16:00:00,25.970850967492456
2017-11-24 16:00:00,25.99308670765809
2017-11-27 16:00:00,26.17331219512195
2017-11-28 16:00:00,26.17727827498033
2017-11-29 16:00:00,26.231218849986888
2017-11-30 16:00:00,26.28716215336729
2017-12-01 16:00:00,26.246335496274934
2017-12-04 16:00:00,26.144415789473683
2017-12-05 16:00:00,26.07788866396761
2017-12-06 16:00:00,25.978807257459888
2017-12-07 16:00:00,25.879456896262777
2017-12-08 16:00:00,25.907166686472568
2017-12-11 16:00:00,26.11998488196886
2017-12-12 16:00:00,26.04937369098443
2017-12-13 16:00:00,26.03949938968142
2017-12-14 16:00:00,26.04726200478271
2017-12-15 16:00:00,26.036019812226073
2017-12-18 16:00:00,26.492494736842104
2017-12-19 16:00:00,26.47356100478469
2017-12-20 16:00:00,26.38528451043617
2017-12-21 16:00:00,26.266038438735176
2017-12-22 16:00:00,26.15654531421264
2017-12-25 16:00:00,26.18311970260223
2017-12-26 16:00:00,26.190235275029927
2017-12-27 16:00:00,26.19988686408465
2017-12-28 16:00:00,26.21297707074412
2017-12-29 16:00:00,26.17831068338933
2018-01-01 16:00:00,26.159406703910616
2018-01-02 16:00:00,26.11819426104622
2018-01-03 16:00:00,26.180108295242935
2018-01-04 16:00:00,26.399872727272726
2018-01-05 16:00:00,26.69267462121212
2018-01-08 16:00:00,27.029333333333334
2018-01-09 16:00:00,26.966737916666666
2018-01-10 16:00:00,26.899888435672512
2018-01-11 16:00:00,26.84351065789474
2018-01-12 16:00:00,26.919172681704257
2018-01-15 16:00:00,27.401440558139534
2018-01-16 16:00:00,27.41371586730506
2018-01-17 16:00:00,27.327856609949407
2018-01-18 16:00:00,27.29451451914099
2018-01-19 16:00:00,27.407180555555556
2018-01-22 16:00:00,27.792413333333332
2018-01-23 16:00:00,27.927799523809522
2018-01-24 16:00:00,28.037899682539678
2018-01-25 16:00:00,28.102272431077694
2018-01-26 16:00:00,28.08889762308998
2018-01-29 16:00:00,27.8163
2018-01-30 16:00:00,27.73805909090909
2018-01-31 16:00:00,27.741729590017826
2018-02-01 16:00:00,27.570629590017827
2018-02-02 16:00:00,27.317623529411765
2018-02-05 16:00:00,26.51765333333333
2018-02-06 16:00:00,26.277326666666667
2018-02-07 16:00:00,26.219384444444444
2018-02-08 16:00:00,25.952342222222224
2018-02-09 16:00:00,25.69863688888889
2018-02-12 16:00:00,25.483934782608696
2018-02-13 16:00:00,25.506864266304348
2018-02-14 16:00:00,25.532133384743442
2018-02-15 16:00:00,25.73351345720721
2018-02-16 16:00:00,25.914447591822594
2018-02-19 16:00:00,26.05855698604651
2018-02-20 16:00:00,25.986254963611493
2018-02-21 16:00:00,25.978011032651562
2018-02-22 16:00:00,25.85977505617065
2018-02-23 16:00:00,25.883480136384552
2018-02-26 16:00:00,26.006042857142855
2018-02-27 16:00:00,25.952260902255638
2018-02-28 16:00:00,25.855820088683245
2018-03-01 16:00:00,25.53675141700405
2018-03-02 16:00:00,25.16989176788124
2018-03-05 16:00:00,24.93123125
2018-03-06 16:00:00,25.197651339285713
2018-03-07 16:00:00,25.291147559523807
2018-03-08 16:00:00,25.542872845858724
2018-03-09 16:00:00,25.585835243231468
2018-03-12 16:00:00,25.723625806451615
2018-03-13 16:00:00,25.755562903225808
2018-03-14 16:00:00,25.739708882262587
2018-03-15 16:00:00,25.686564477642907
2018-03-16 16:00:00,25.633352672087355
2018-03-19 16:00:00,25.511886206896552
2018-03-20 16:00:00,25.447691752096922
2018-03-21 16:00:00,25.439551028204477
2018-03-22 16:00:00,25.291646903164196
2018-03-23 16:00:00,25.112706566951697
2018-03-26 16:00:00,24.924316393442624
2018-03-27 16:00:00,24.95260819672131
2018-03-28 16:00:00,24.90960910084451
2018-03-29 16:00:00,24.983932455808077
2018-03-30 16:00:00,25.040777941919192
2018-04-02 16:00:00,25.110741772151897
2018-04-03 16:00:00,24.99285421940928
2018-04-04 16:00:00,24.893210656076775
2018-04-05 16:00:00,24.941247182476598
2018-04-06 16:00:00,25.093471114100527
2018-04-09 16:00:00,25.658676873974102
2018-04-10 16:00:00,25.711581874487052
2018-04-11 16:00:00,25.701716121452904
2018-04-12 16:00:00,25.727017372885623
2018-04-13 16:00:00,25.72653699879675
2018-04-16 16:00:00,25.853302150537637
2018-04-17 16:00:00,25.960958918406075
2018-04-18 16:00:00,26.043963415892676
2018-04-19 16:00:00,26.12638051513875
2018-04-20 16:00:00,26.06463766615524
2018-04-23 16:00:00,25.861714285714285
2018-04-24 16:00:00,25.839731336405528
2018-04-25 16:00:00,25.685511367127493
2018-04-26 16:00:00,25.5375977997285
2018-04-27 16:00:00,25.490332494599357
2018-04-30 16:00:00,25.600445762711864
2018-05-01 16:00:00,25.552273701028064
2018-05-02 16:00:00,25.639004689574264
2018-05-03 16:00:00,25.667265147229774
2018-05-04 16:00:00,25.75761063252772
2018-05-07 16:00:00,25.911313861386137
2018-05-08 16:00:00,25.826972940545286
2018-05-09 16:00:00,25.795191484173046
2018-05-10 16:00:00,25.823553109377173
2018-05-11 16:00:00,25.9532541974734
2018-05-14 16:00:00,26.10765
2018-05-15 16:00:00,25.891647881355933
2018-05-16 16:00:00,25.84713085270346
2018-05-17 16:00:00,25.770231890047864
2018-05-18 16:00:00,25.823225007428746
2018-05-21 16:00:00,26.06720736288505
2018-05-22 16:00:00,26.077864792553633
2018-05-23 16:00:00,25.89552769609733
2018-05-24 16:00:00,25.657052873381257
2018-05-25 16:00:00,25.391256118894812
2018-05-28 16:00:00,24.946119026548672
2018-05-29 16:00:00,24.853643533892892
2018-05-30 16:00:00,24.83704807021431
2018-05-31 16:00:00,24.812966398586614
2018-06-01 16:00:00,24.880354356472115
2018-06-04 16:00:00,25.0931
2018-06-05 16:00:00,25.17227068965517
2018-06-06 16:00:00,25.213105459770116
2018-06-07 16:00:00,25.315740744941213
2018-06-08 16:00:00,25.290834626907795
2018-06-11 16:00:00,25.280924468085107
2018-06-12 16:00:00,25.361907117201298
2018-06-13 16:00:00,25.38192002257864
2018-06-14 16:00:00,25.44350621683276
2018-06-15 16:00:00,25.43099018361582
2018-06-18 16:00:00,24.9410125520961
2018-06-19 16:00:00,24.751656276048053
2018-06-20 16:00:00,24.723737517365368
2018-06-21 16:00:00,24.566657777777777
2018-06-22 16:00:00,24.556056964769642
2018-06-25 16:00:00,24.244904166666664
2018-06-26 16:00:00,24.153804006410255
2018-06-27 16:00:00,24.169854186091687
2018-06-28 16:00:00,23.964475599856197
2018-06-29 16:00:00,23.99203715933497
2018-07-02 16:00:00,23.875441935483874
2018-07-03 16:00:00,24.061355583126552
2018-07-04 16:00:00,24.134824298983535
2018-07-05 16:00:00,24.331952477351653
2018-07-06 16:00:00,24.453327598626775
2018-07-09 16:00:00,24.766870666666666
2018-07-10 16:00:00,24.806311226190473
2018-07-11 16:00:00,24.72278135800086
2018-07-12 16:00:00,24.60953187651938
2018-07-13 16:00:00,24.487234121132307
2018-07-16 16:00:00,24.731
2018-07-17 16:00:00,24.748984246575343
2018-07-18 16:00:00,24.817288120306426
2018-07-19 16:00:00,24.823995750828516
2018-07-20 16:00:00,24.7649938417641
2018-07-23 16:00:00,24.678223529411763
2018-07-24 16:00:00,24.84653676470588
2018-07-25 16:00:00,24.81975647327424
2018-07-26 16:00:00,24.97131457216597
2018-07-27 16:00:00,25.033365028786978
2018-07-30 16:00:00,25.19931336153272
2018-07-31 16:00:00,25.34668600407463
2018-08-01 16:00:00,25.252190788537092
2018-08-02 16:00:00,25.005756895440516
2018-08-03 16:00:00,24.700153328303497
2018-08-06 16:00:00,24.367430303030304
2018-08-07 16:00:00,24.49905441531883
2018-08-08 16:00:00,24.545536276879222
2018-08-09 16:00:00,24.530498042535786
2018-08-10 16:00:00,24.283255924637682
2018-08-13 16:00:00,23.77587435897436
2018-08-14 16:00:00,23.693500815850815
2018-08-15 16:00:00,23.529517210567207
2018-08-16 16:00:00,23.398541996891993
2018-08-17 16:00:00,23.32663490695899
2018-08-20 16:00:00,23.7212
2018-08-21 16:00:00,23.891799999999996
2018-08-22 16:00:00,23.973819745699327
2018-08-23 16:00:00,24.103177978631052
2018-08-24 16:00:00,24.133084645297725
2018-08-27 16:00:00,24.43514375
2018-08-28 16:00:00,24.550722121153846
2018-08-29 16:00:00,24.57024613429721
2018-08-30 16:00:00,24.598742662074986
2018-08-31 16:00:00,24.45880019028012
2018-09-03 16:00:00,23.809696089385476
2018-09-04 16:00:00,23.753300676271685
2018-09-05 16:00:00,23.73942576279075
2018-09-06 16:00:00,23.651341279526893
2018-09-07 16:00:00,23.50237285847426
2018-09-10 16:00:00,23.415345488029466
2018-09-11 16:00:00,23.36369642822526
2018-09-12 16:00:00,23.411164285483505
2018-09-13 16:00:00,23.523886780464675
2018-09-14 16:00:00,23.6963674989275
2018-09-17 16:00:00,23.77617088607595
2018-09-18 16:00:00,23.83314972875226
2018-09-19 16:00:00,23.881307568245663
2018-09-20 16:00:00,24.076391939553684
2018-09-21 16:00:00,24.28052879069053
2018-09-24 16:00:00,24.50388937304652
2018-09-25 16:00:00,24.50109603787461
2018-09-26 16:00:00,24.48653860450118
2018-09-27 16:00:00,24.4334918323536
2018-09-28 16:00:00,24.18897649295003
2018-10-01 16:00:00,24.088653982300883
2018-10-02 16:00:00,23.94302699115044
2018-10-03 16:00:00,23.96157306656406
2018-10-04 16:00:00,23.874260280797102
2018-10-05 16:00:00,23.74614765943788
2018-10-08 16:00:00,23.0297140625
2018-10-09 16:00:00,23.010203770380436
2018-10-10 16:00:00,22.956717830928284
2018-10-11 16:00:00,22.783893143428287
2018-10-12 16:00:00,22.58771310857547
2018-10-15 16:00:00,22.58204892000949
2018-10-16 16:00:00,22.701205054905596
2018-10-17 16:00:00,22.735753201586892
2018-10-18 16:00:00,22.68761197909215
2018-10-19 16:00:00,22.50575221741222
2018-10-22 16:00:00,22.260225
2018-10-23 16:00:00,21.990982820855614
2018-10-24 16:00:00,21.887433797521492
2018-10-25 16:00:00,21.62491879752149
2018-10-26 16:00:00,21.469777180108974
2018-10-29 16:00:00,21.737839583333333
2018-10-30 16:00:00,21.635644791666667
2018-10-31 16:00:00,21.708198498968073
2018-11-01 16:00:00,21.763912423167696
2018-11-02 16:00:00,22.037707099093623
2018-11-05 16:00:00,22.040971008403364
2018-11-06 16:00:00,22.039610504201683
2018-11-07 16:00:00,22.126353156647273
2018-11-08 16:00:00,22.17225096927774
2018-11-09 16:00:00,22.131624102821377
2018-11-12 16:00:00,21.601677777777777
2018-11-13 16:00:00,21.724598025944726
2018-11-14 16:00:00,21.770749561156133
2018-11-15 16:00:00,21.801259170765743
2018-11-16 16:00:00,21.751334450221197
2018-11-19 16:00:00,21.7185
2018-11-20 16:00:00,21.443136363636363
2018-11-21 16:00:00,21.440955194805195
2018-11-22 16:00:00,21.32692099149212
2018-11-23 16:00:00,21.363394897216025
2018-11-26 16:00:00,21.625877372262774
2018-11-27 16:00:00,21.559419232433854
2018-11-28 16:00:00,21.5250085852792
2018-11-29 16:00:00,21.548833437063625
2018-11-30 16:00:00,21.562703549052458
2018-12-03 16:00:00,21.88998695652174
2018-12-04 16:00:00,21.655954194916475
2018-12-05 16:00:00,21.44609315805677
2018-12-06 16:00:00,21.077597505882853
2018-12-07 16:00:00,20.89082091700134
2018-12-10 16:00:00,20.45084054054054
2018-12-11 16:00:00,20.561140560125345
2018-12-12 16:00:00,20.654760373416895
2018-12-13 16:00:00,20.809708441824288
2018-12-14 16:00:00,20.816528248587574
2018-12-17 16:00:00,20.518857142857144
2018-12-18 16:00:00,20.56079857142857
2018-12-19 16:00:00,20.65113238095238
2018-12-20 16:00:00,20.593982702702704
2018-12-21 16:00:00,20.502772702702703
2018-12-24 16:00:00,19.987354545454547
2018-12-25 16:00:00,19.89850709435492
2018-12-26 16:00:00,19.87070729367251
2018-12-27 16:00:00,19.85319915201497
2018-12-28 16:00:00,20.06216974712035
2018-12-31 16:00:00,20.518327586206897
2019-01-01 16:00:00,20.364366705724805
2019-01-02 16:00:00,20.297388159803592
2019-01-03 16:00:00,20.140510747347033
2019-01-04 16:00:00,20.186912509303163
2019-01-07 16:00:00,20.60994909090909
2019-01-08 16:00:00,20.760547622377622
2019-01-09 16:00:00,20.880131748251745
2019-01-10 16:00:00,21.00528205128205
2019-01-11 16:00:00,21.01241765202703
2019-01-14 16:00:00,20.737137209302325
2019-01-15 16:00:00,20.846904811547716
2019-01-16 16:00:00,20.869149184709972
2019-01-17 16:00:00,20.917686781609195
2019-01-18 16:00:00,21.03896264367816
2019-01-21 16:00:00,21.23430360795983
2019-01-22 16:00:00,21.129444661122772
2019-01-23 16:00:00,21.186329774081848
2019-01-24 16:00:00,21.149436904761902
2019-01-25 16:00:00,21.31541044813696
2019-01-28 16:00:00,21.573685416666667
2019-01-29 16:00:00,21.557917460808582
2019-01-30 16:00:00,21.51034497387239
2019-01-31 16:00:00,21.472121629855295
2019-02-01 16:00:00,21.448571794871793
2019-02-04 16:00:00,21.350342857142856
2019-02-05 16:00:00,21.553119254658384
2019-02-06 16:00:00,21.546397874530594
2019-02-07 16:00:00,21.460363588816307
2019-02-08 16:00:00,21.151858119852676
2019-02-11 16:00:00,20.749767021276597
2019-02-12 16:00:00,20.9235335106383
2019-02-13 16:00:00,21.026404346325236
2019-02-14 16:00:00,21.100525452501646
2019-02-15 16:00:00,21.194312274207075
2019-02-18 16:00:00,21.352813405324895
2019-02-19 16:00:00,21.395953761485977
2019-02-20 16:00:00,21.50780196120923
2019-02-21 16:00:00,21.613957492767597
2019-02-22 16:00:00,21.706036777495573
2019-02-25 16:00:00,21.835257605633803
2019-02-26 16:00:00,21.867286697553745
2019-02-27 16:00:00,21.902685179321548
2019-02-28 16:00:00,21.96610457393484
2019-03-01 16:00:00,22.08001725949489
2019-03-04 16:00:00,22.108382926829268
2019-03-05 16:00:00,22.077361999128918
2019-03-06 16:00:00,22.066567321453178
2019-03-07 16:00:00,21.91017776733921
2019-03-08 16:00:00,21.760130292062417
2019-03-11 16:00:00,21.7201
2019-03-12 16:00:00,21.77755425531915
2019-03-13 16:00:00,21.809248700725377
2019-03-14 16:00:00,21.89891987189655
2019-03-15 16:00:00,22.022976228374176
2019-03-18 16:00:00,22.240850000000002
2019-03-19 16:00:00,22.360085465116278
2019-03-20 16:00:00,22.299033895603838
2019-03-21 16:00:00,22.2392202592402
2019-03-22 16:00:00,21.990715504718235
2019-03-25 16:00:00,21.512911111111112
2019-03-26 16:00:00,21.497041285644052
2019-03-27 16:00:00,21.499432759750903
2019-03-28 16:00:00,21.522795722713866
2019-03-29 16:00:00,21.60405184917893
2019-04-01 16:00:00,22.02091842105263
2019-04-02 16:00:00,22.07427629237685
2019-04-03 16:00:00,22.189161972695675
2019-04-04 16:00:00,22.397294293883263
2019-04-05 16:00:00,22.552806430389186
2019-04-08 16:00:00,22.63114285714286
2019-04-09 16:00:00,22.56017142857143
2019-04-10 16:00:00,22.553171315102688
2019-04-11 16:00:00,22.529767104015267
2019-04-12 16:00:00,22.647205143230952
2019-04-15 16:00:00,22.781938559322036
2019-04-16 16:00:00,22.866711684724308
2019-04-17 16:00:00,22.929271712800567
2019-04-18 16:00:00,23.01070425601027
2019-04-19 16:00:00,23.07345616698599
2019-04-22 16:00:00,23.172285365853657
2019-04-23 16:00:00,23.067328777601382
2019-04-24 16:00:00,23.062883200219105
2019-04-25 16:00:00,22.98709334142578
2019-04-26 16:00:00,23.008785990638177
2019-04-29 16:00:00,23.04545
2019-04-30 16:00:00,23.076467105263156
2019-05-01 16:00:00,23.140533308270676
2019-05-02 16:00:00,23.192293308270678
2019-05-03 16:00:00,23.212529523809526
2019-05-06 16:00:00,22.866758490566035
2019-05-07 16:00:00,22.821457245283018
2019-05-08 16:00:00,22.837568289045024
2019-05-09 16:00:00,22.73913156079669
2019-05-10 16:00:00,22.716780045449354
2019-05-13 16:00:00,22.385186301369863
2019-05-14 16:00:00,22.450828256133086
2019-05-15 16:00:00,22.530051217135973
2019-05-16 16:00:00,22.720930396852935
2019-05-17 16:00:00,22.81612609378915
2019-05-20 16:00:00,22.49594
2019-05-21 16:00:00,22.5775965625
2019-05-22 16:00:00,22.529953338210703
2019-05-23 16:00:00,22.450354694142902
2019-05-24 16:00:00,22.346624069911993
2019-05-27 16:00:00,22.40694525060344
2019-05-28 16:00:00,22.41675925031947
2019-05-29 16:00:00,22.316993949426138
2019-05-30 16:00:00,22.20385286312541
2019-05-31 16:00:00,22.024069326950055
2019-06-03 16:00:00,22.10468
2019-06-04 16:00:00,22.26410711409396
2019-06-05 16:00:00,22.304499119540896
2019-06-06 16:00:00,22.44611251983852
2019-06-07 16:00:00,22.565151987635527
2019-06-10 16:00:00,22.82847176470588
2019-06-11 16:00:00,22.916622724458204
2019-06-12 16:00:00,22.85558249657758
2019-06-13 16:00:00,22.863942427784252
2019-06-14 16:00:00,22.731909605721828
2019-06-17 16:00:00,22.649148258264923
2019-06-18 16:00:00,22.83713022669344
2019-06-19 16:00:00,22.93828200984505
2019-06-20 16:00:00,23.17346592375674
2019-06-21 16:00:00,23.25846185871609
2019-06-24 16:00:00,23.3416248818114
2019-06-25 16:00:00,23.292319045356525
2019-06-26 16:00:00,23.285861017317785
2019-06-27 16:00:00,23.31922647721954
2019-06-28 16:00:00,23.446603195196275
2019-07-01 16:00:00,23.804342105263157
2019-07-02 16:00:00,23.723749052631575
2019-07-03 16:00:00,23.779742675507663
2019-07-04 16:00:00,23.76989586867403
2019-07-05 16:00:00,23.770862728323156
2019-07-08 16:00:00,23.484562454873647
2019-07-09 16:00:00,23.419971044560683
2019-07-10 16:00:00,23.42231402970712
2019-07-11 16:00:00,23.344584300524815
2019-07-12 16:00:00,23.2837850138401
2019-07-15 16:00:00,23.33806
2019-07-16 16:00:00,23.319751794871795
2019-07-17 16:00:00,23.285077232107408
2019-07-18 16:00:00,23.18723414792915
2019-07-19 16:00:00,23.054571689020538
2019-07-22 16:00:00,23.037993023255815
2019-07-23 16:00:00,23.166465261627906
2019-07-24 16:00:00,23.226480922717926
2019-07-25 16:00:00,23.30837692646024
2019-07-26 16:00:00,23.236338720245552
2019-07-29 16:00:00,23.161972277227722
2019-07-30 16:00:00,22.90718613861386
2019-07-31 16:00:00,22.858526803596458
2019-08-01 16:00:00,22.61077875285388
2019-08-02 16:00:00,22.502403884464314
2019-08-05 16:00:00,21.84449291098349
2019-08-06 16:00:00,21.884700583932112
2019-08-07 16:00:00,21.829152621430932
2019-08-08 16:00:00,21.922029651103102
2019-08-09 16:00:00,21.919192239875528
2019-08-12 16:00:00,21.94052618751554
2019-08-13 16:00:00,21.878215627541554
2019-08-14 16:00:00,21.75374375169437
2019-08-15 16:00:00,21.49622391141141
2019-08-16 16:00:00,21.32209667477697
2019-08-19 16:00:00,21.760705357142857
2019-08-20 16:00:00,21.69175147193493
2019-08-21 16:00:00,21.745337625585254
2019-08-22 16:00:00,21.783350212959657
2019-08-23 16:00:00,21.794977406272878
2019-08-26 16:00:00,21.65453535449988
2019-08-27 16:00:00,21.709230177249943
2019-08-28 16:00:00,21.647565572712082
2019-08-29 16:00:00,21.69708217071707
2019-08-30 16:00:00,21.798940504050407
2019-09-02 16:00:00,21.96802402234637
2019-09-03 16:00:00,21.8922283377038
2019-09-04 16:00:00,21.938241941447924
2019-09-05 16:00:00,22.082917267332466
2019-09-06 16:00:00,22.315821459539382
2019-09-09 16:00:00,22.5181
2019-09-10 16:00:00,22.574887101248265
2019-09-11 16:00:00,22.609313247679026
2019-09-12 16:00:00,22.71971707650785
2019-09-13 16:00:00,22.86544755067568
2019-09-16 16:00:00,22.899572413793102
2019-09-17 16:00:00,22.89106194751538
2019-09-18 16:00:00,22.883334280799726
2019-09-19 16:00:00,22.926160217895486
2019-09-20 16:00:00,22.911072702717107
2019-09-23 16:00:00,22.583580930573365
2019-09-24 16:00:00,22.6140705673275
2019-09-25 16:00:00,22.552429697946224
2019-09-26 16:00:00,22.514664931885353
2019-09-27 16:00:00,22.527796379009654
2019-09-30 16:00:00,22.646608108108108
2019-10-01 16:00:00,22.64039679030229
2019-10-02 16:00:00,22.449742597043635
2019-10-03 16:00:00,22.150133412859446
2019-10-04 16:00:00,21.935321588693956
2019-10-07 16:00:00,22.081917408906882
2019-10-08 16:00:00,22.000735222672063
2019-10-09 16:00:00,22.04296289320665
2019-10-10 16:00:00,22.109135321530207
2019-10-11 16:00:00,22.446509479452484
2019-10-14 16:00:00,23.080585142571284
2019-10-15 16:00:00,23.07929257128564
2019-10-16 16:00:00,23.15549504752376
2019-10-17 16:00:00,23.33780531400966
2019-10-18 16:00:00,23.48284975845411
2019-10-21 16:00:00,23.837384615384618
2019-10-22 16:00:00,23.793131941838652
2019-10-23 16:00:00,23.796575991845113
2019-10-24 16:00:00,23.815468299537418
2019-10-25 16:00:00,23.876830041619968
2019-10-28 16:00:00,24.1523
2019-10-29 16:00:00,24.006721126760564
2019-10-30 16:00:00,23.996614084507044
2019-10-31 16:00:00,23.979930026536028
2019-11-01 16:00:00,24.08534683633793
2019-11-04 16:00:00,24.541255555555555
2019-11-05 16:00:00,24.473649206349208
2019-11-06 16:00:00,24.44040332128451
2019-11-07 16:00:00,24.444778136099327
2019-11-08 16:00:00,24.42247989976775
2019-11-11 16:00:00,24.241483086680763
2019-11-12 16:00:00,24.34199154334038
2019-11-13 16:00:00,24.35904749469942
2019-11-14 16:00:00,24.376219799139168
2019-11-15 16:00:00,24.375089322948693
2019-11-18 16:00:00,24.37172
2019-11-19 16:00:00,24.44792758436945
2019-11-20 16:00:00,24.39075695360628
2019-11-21 16:00:00,24.357534795207673
2019-11-22 16:00:00,24.321523072294706
2019-11-25 16:00:00,24.34561111111111
2019-11-26 16:00:00,24.335144222222223
2019-11-27 16:00:00,24.350394890286513
2019-11-28 16:00:00,24.376923519771196
2019-11-29 16:00:00,24.391303825000616
2019-12-02 16:00:00,24.125773913043478
2019-12-03 16:00:00,24.111510496040637
2019-12-04 16:00:00,24.222909412819362
2019-12-05 16:00:00,24.289291671689927
2019-12-06 16:00:00,24.36626520380342
2019-12-09 16:00:00,24.30001818181818
2019-12-10 16:00:00,24.15223686868687
2019-12-11 16:00:00,24.207728256800852
2019-12-12 16:00:00,24.311362936935534
2019-12-13 16:00:00,24.600563206295803
2019-12-16 16:00:00,24.983159999999998
2019-12-17 16:00:00,24.84872029850746
2019-12-18 16:00:00,24.768351878202967
2019-12-19 16:00:00,24.598783268286088
2019-12-20 16:00:00,24.54109701564127
2019-12-23 16:00:00,24.56835476190476
2019-12-24 16:00:00,24.579483915754583
2019-12-25 16:00:00,24.59375747947318
2019-12-26 16:00:00,24.60875255883826
2019-12-27 16:00:00,24.708914132321876
2019-12-30 16:00:00,24.6653362286002
2019-12-31 16:00:00,24.57205914878286
2020-01-01 16:00:00,24.665843494980553
2020-01-02 16:00:00,24.809998085447152
2020-01-03 16:00:00,24.860685880640464
2020-01-06 16:00:00,24.498678571428574
2020-01-07 16:00:00,24.593728582638327
2020-01-08 16:00:00,24.65304280483066
2020-01-09 16:00:00,24.821706834075798
2020-01-10 16:00:00,24.953643193204062
2020-01-13 16:00:00,24.833528301886794
2020-01-14 16:00:00,24.88330729792266
2020-01-15 16:00:00,24.93063585943382
2020-01-16 16:00:00,24.98865023499536
2020-01-17 16:00:00,25.051610359231415
2020-01-20 16:00:00,25.015156424581004
2020-01-21 16:00:00,25.04109991040371
2020-01-22 16:00:00,25.023238422653964
2020-01-23 16:00:00,24.941002947793624
2020-01-24 16:00:00,24.975232926829268
2020-01-27 16:00:00,24.29568076923077
2020-01-28 16:00:00,24.31501097285068
2020-01-29 16:00:00,24.38271515837104
2020-01-30 16:00:00,24.368727629233515
2020-01-31 16:00:00,24.261791641838556
2020-02-03 16:00:00,24.01069090909091
2020-02-04 16:00:00,24.24578116883117
2020-02-05 16:00:00,24.407350764000075
2020-02-06 16:00:00,24.71152522287454
2020-02-07 16:00:00,24.783296362845675
2020-02-10 16:00:00,24.64037922705314
2020-02-11 16:00:00,24.712927463993857
2020-02-12 16:00:00,24.796127833138765
2020-02-13 16:00:00,24.933546180803706
2020-02-14 16:00:00,24.99865428049218
2020-02-17 16:00:00,24.76663612453033
2020-02-18 16:00:00,24.763676757917338
2020-02-19 16:00:00,24.776804505278225
2020-02-20 16:00:00,24.798111382687036
2020-02-21 16:00:00,24.736145514284335
2020-02-24 16:00:00,23.621566666666666
2020-02-25 16:00:00,23.4440518115942
2020-02-26 16:00:00,23.34194168391994
2020-02-27 16:00:00,22.967124223602482
2020-02-28 16:00:00,22.389328571428575
2020-03-02 16:00:00,22.04094144144144
2020-03-03 16:00:00,22.30187072072072
2020-03-04 16:00:00,22.36435381381381
2020-03-05 16:00:00,22.409664444444445
2020-03-06 16:00:00,22.111779829059827
2020-03-09 16:00:00,20.46185882352941
2020-03-10 16:00:00,20.444970152505448
2020-03-11 16:00:00,20.288846768336963
2020-03-12 16:00:00,19.44686049382716
2020-03-13 16:00:00,18.523266666666668
2020-03-16 16:00:00,15.956700000000001
2020-03-17 16:00:00,15.9303
2020-03-18 16:00:00,15.827813836477988
2020-03-19 16:00:00,15.521336058700209
2020-03-20 16:00:00,15.57533605870021
2020-03-23 16:00:00,15.877817647058823
2020-03-24 16:00:00,16.39973382352941
2020-03-25 16:00:00,16.727789215686276
2020-03-26 16:00:00,17.49670606060606
2020-03-27 16:00:00,17.806145393939392
2020-03-30 16:00:00,17.72852608695652
2020-03-31 16:00:00,17.81185304347826
2020-04-01 16:00:00,17.753658439241917
2020-04-02 16:00:00,17.733237708140916
2020-04-03 16:00:00,17.519413215387292
2020-04-06 16:00:00,18.14245
2020-04-07 16:00:00,18.615325
2020-04-08 16:00:00,18.5937537037037
2020-04-09 16:00:00,19.052323703703703
2020-04-10 16:00:00,19.194402747068676
2020-04-13 16:00:00,19.4692875
2020-04-14 16:00:00,19.60499375
2020-04-15 16:00:00,19.312500595238095
2020-04-16 16:00:00,19.066704761904763
2020-04-17 16:00:00,18.95767142857143
2020-04-20 16:00:00,19.23066
2020-04-21 16:00:00,19.093429999999998
2020-04-22 16:00:00,19.006091729957806
2020-04-23 16:00:00,18.88412506329114
2020-04-24 16:00:00,18.816464229957806
2020-04-27 16:00:00,19.21974736842105
2020-04-28 16:00:00,19.457423684210525
2020-04-29 16:00:00,19.610257894736844
2020-04-30 16:00:00,19.84736432748538
2020-05-01 16:00:00,19.75726432748538
2020-05-04 16:00:00,19.198951515151517
2020-05-05 16:00:00,19.3841816399287
2020-05-06 16:00:00,19.384569241433947
2020-05-07 16:00:00,19.44221040305011
2020-05-08 16:00:00,19.491594200779726
2020-05-11 16:00:00,19.46328947368421
2020-05-12 16:00:00,19.577605921597698
2020-05-13 16:00:00,19.49383728106513
2020-05-14 16:00:00,19.10949317078944
2020-05-15 16:00:00,18.86074761904762
2020-05-18 16:00:00,19.8221125
2020-05-19 16:00:00,19.99685518617021
2020-05-20 16:00:00,20.13011179078014
2020-05-21 16:00:00,20.385645912401767
2020-05-22 16:00:00,20.443035879650413
2020-05-25 16:00:00,20.545388214285715
2020-05-26 16:00:00,20.83431824507389
2020-05-27 16:00:00,21.05274549671593
2020-05-28 16:00:00,21.459658120939526
2020-05-29 16:00:00,21.551161782071926
2020-06-01 16:00:00,21.929153333333335
2020-06-02 16:00:00,22.195576666666668
2020-06-03 16:00:00,22.505676111111114
2020-06-04 16:00:00,23.022364999999997
2020-06-05 16:00:00,23.563031666666664
2020-06-08 16:00:00,24.16439230769231
2020-06-09 16:00:00,23.996681153846154
2020-06-10 16:00:00,23.93744227460711
2020-06-11 16:00:00,23.53798650537634
2020-06-12 16:00:00,23.19268221966206
2020-06-15 16:00:00,22.198725
2020-06-16 16:00:00,22.75498157894737
2020-06-17 16:00:00,22.94126024677077
2020-06-18 16:00:00,23.165218580104106
2020-06-19 16:00:00,23.120114951714953
2020-06-22 16:00:00,22.910582608695652
2020-06-23 16:00:00,23.302941304347826
2020-06-24 16:00:00,23.224911345755697
2020-06-25 16:00:00,23.142956375895494
2020-06-26 16:00:00,22.843565899705016
2020-06-29 16:00:00,22.809439644970414
2020-06-30 16:00:00,22.901296855452237
2020-07-01 16:00:00,22.971797903634826
2020-07-02 16:00:00,23.27917992673993
2020-07-03 16:00:00,23.526343601190476
2020-07-06 16:00:00,24.091322222222225
2020-07-07 16:00:00,23.963515811965813
2020-07-08 16:00:00,23.895095197395197
2020-07-09 16:00:00,23.831221123321125
2020-07-10 16:00:00,23.834331782521435
2020-07-13 16:00:00,24.166005263157896
2020-07-14 16:00:00,24.0247270501836
2020-07-15 16:00:00,24.232614144566842
2020-07-16 16:00:00,24.381212390180877
2020-07-17 16:00:00,24.647852714884696
2020-07-20 16:00:00,24.680606249999997
2020-07-21 16:00:00,24.973719791666667
2020-07-22 16:00:00,25.106996527777778
2020-07-23 16:00:00,25.328694444444448
2020-07-24 16:00:00,25.204416666666663
2020-07-27 16:00:00,25.1755
2020-07-28 16:00:00,25.037211111111112
2020-07-29 16:00:00,25.08926623093682
2020-07-30 16:00:00,24.775856427015253
2020-07-31 16:00:00,24.65494901960784
2020-08-03 16:00:00,24.5873125
2020-08-04 16:00:00,24.612722118506493
2020-08-05 16:00:00,24.7727503778549
2020-08-06 16:00:00,24.890017475556053
2020-08-07 16:00:00,24.958434419487503
2020-08-10 16:00:00,24.822440278468424
2020-08-11 16:00:00,25.104355853519927
2020-08-12 16:00:00,25.267486194013287
2020-08-13 16:00:00,25.561476276629076
2020-08-14 16:00:00,25.577140951953748
2020-08-17 16:00:00,25.68964
2020-08-18 16:00:00,25.78902
2020-08-19 16:00:00,25.790166274509804
2020-08-20 16:00:00,25.631129411764707
2020-08-21 16:00:00,25.338279411764706
2020-08-24 16:00:00,25.72188
2020-08-25 16:00:00,25.854600655737705
2020-08-26 16:00:00,25.866794187158472
2020-08-27 16:00:00,25.937708380706855
2020-08-28 16:00:00,25.894793793888525
2020-08-31 16:00:00,25.97837802197802
2020-09-01 16:00:00,25.844483455433455
2020-09-02 16:00:00,25.912215636955636
2020-09-03 16:00:00,26.012122962962962
2020-09-04 16:00:00,25.992569433962263
2020-09-07 16:00:00,25.48941185376662
2020-09-08 16:00:00,25.41730298570684
2020-09-09 16:00:00,25.591928116597355
2020-09-10 16:00:00,25.870568469139283
2020-09-11 16:00:00,26.091381388827703
2020-09-14 16:00:00,26.125525454545457
2020-09-15 16:00:00,26.177325584415584
2020-09-16 16:00:00,26.16850038961039
2020-09-17 16:00:00,26.14242761904762
2020-09-18 16:00:00,26.080247342523688
2020-09-21 16:00:00,24.860546153846155
2020-09-22 16:00:00,24.796223076923077
2020-09-23 16:00:00,24.787549793217536
2020-09-24 16:00:00,24.65570107526882
2020-09-25 16:00:00,24.455880356878012
2020-09-28 16:00:00,24.967605454545453
2020-09-29 16:00:00,24.992327727272723
2020-09-30 16:00:00,25.015610151515148
2020-10-01 16:00:00,24.996341666666666
2020-10-02 16:00:00,24.889634523809523
2020-10-05 16:00:00,25.322321428571428
2020-10-06 16:00:00,25.419060132369868
2020-10-07 16:00:00,25.361627967034455
2020-10-08 16:00:00,25.45337979853629
2020-10-09 16:00:00,25.50036533328502
2020-10-12 16:00:00,25.747904672897196
2020-10-13 16:00:00,25.5564023364486
2020-10-14 16:00:00,25.546998383029223
2020-10-15 16:00:00,25.213385714285717
2020-10-16 16:00:00,25.16419312169312
2020-10-19 16:00:00,25.26919592760181
2020-10-20 16:00:00,25.23441452915045
2020-10-21 16:00:00,25.157883139194112
2020-10-22 16:00:00,24.960144496660174
2020-10-23 16:00:00,24.866439077236475
2020-10-26 16:00:00,24.298506451612905
2020-10-27 16:00:00,24.142661975806455
2020-10-28 16:00:00,23.695627983870967
2020-10-29 16:00:00,23.125425833333335
2020-10-30 16:00:00,22.627503333333333
2020-11-02 16:00:00,22.88794
2020-11-03 16:00:00,23.22492
2020-11-04 16:00:00,23.409409292929297
2020-11-05 16:00:00,24.00608484848485
2020-11-06 16:00:00,24.421019151615912
2020-11-09 16:00:00,26.051070588235294
2020-11-10 16:00:00,26.00010598377282
2020-11-11 16:00:00,25.930562322515215
2020-11-12 16:00:00,25.789401822859986
2020-11-13 16:00:00,25.699353748555907
2020-11-16 16:00:00,26.03166
2020-11-17 16:00:00,25.96003
2020-11-18 16:00:00,25.961158095238094
2020-11-19 16:00:00,25.92557142857143
2020-11-20 16:00:00,25.90594578754579
2020-11-23 16:00:00,26.143582352941177
2020-11-24 16:00:00,26.13989117647059
2020-11-25 16:00:00,26.158760784313728
2020-11-26 16:00:00,26.263223575638506
2020-11-27 16:00:00,26.405378585461687
2020-11-30 16:00:00,26.69124
2020-12-01 16:00:00,26.754745
2020-12-02 16:00:00,26.767443071895425
2020-12-03 16:00:00,26.870152505743437
2020-12-04 16:00:00,26.920333755743442
2020-12-07 16:00:00,26.915066666666664
2020-12-08 16:00:00,26.90703333333333
2020-12-09 16:00:00,26.949655555555555
2020-12-10 16:00:00,26.937766666666665
2020-12-11 16:00:00,26.804257142857143
2020-12-14 16:00:00,26.792537777777778
2020-12-15 16:00:00,26.960274444444444
2020-12-16 16:00:00,27.156185993265993
2020-12-17 16:00:00,27.55465673400673
2020-12-18 16:00:00,27.830133982683986
2020-12-21 16:00:00,26.95768
2020-12-22 16:00:00,27.11810304347826
2020-12-23 16:00:00,27.258010362318842
2020-12-24 16:00:00,27.474293983718017
2020-12-25 16:00:00,27.584160734175764
2020-12-28 16:00:00,28.044485714285713
2020-12-29 16:00:00,28.18550462184874
2020-12-30 16:00:00,28.189988795518207
2020-12-31 16:00:00,28.10427006749008
2021-01-01 16:00:00,27.942253528161288
2021-01-04 16:00:00,28.257550000000002
2021-01-05 16:00:00,28.04561011904762
2021-01-06 16:00:00,28.176306746031745
2021-01-07 16:00:00,28.28282341269841
2021-01-08 16:00:00,28.562277777777776
2021-01-11 16:00:00,28.181
2021-01-12 16:00:00,28.224875
2021-01-13 16:00:00,28.28531666666667
2021-01-14 16:00:00,28.296441666666666
2021-01-15 16:00:00,28.183569444444444
2021-01-18 16:00:00,28.03669859050445
2021-01-19 16:00:00,27.996139920252226
2021-01-20 16:00:00,28.07228626262429
2021-01-21 16:00:00,28.10685339912281
2021-01-22 16:00:00,28.18394298245614
2021-01-25 16:00:00,27.6635
2021-01-26 16:00:00,27.902715384615384
2021-01-27 16:00:00,27.721894383394385
2021-01-28 16:00:00,27.646594383394383
2021-01-29 16:00:00,27.400738672438674
2021-02-01 16:00:00,27.4375
2021-02-02 16:00:00,27.498642857142855
2021-02-03 16:00:00,27.629561904761903
2021-02-04 16:00:00,27.79714139194139
2021-02-05 16:00:00,27.970512820512823
2021-02-08 16:00:00,28.348042857142858
2021-02-09 16:00:00,28.267321428571428
2021-02-10 16:00:00,28.28454147869674
2021-02-11 16:00:00,28.30126052631579
2021-02-12 16:00:00,28.310371881627148
2021-02-15 16:00:00,28.479798898071625
2021-02-16 16:00:00,28.430061729737567
2021-02-17 16:00:00,28.31959948649171
2021-02-18 16:00:00,28.13863595211146
2021-02-19 16:00:00,28.054462876088067
2021-02-22 16:00:00,28.199945454545457
2021-02-23 16:00:00,28.0463012987013
2021-02-24 16:00:00,28.078734199134203
2021-02-25 16:00:00,28.15121241169796
2021-02-26 16:00:00,28.16721665175015
2021-03-01 16:00:00,27.987166666666667
2021-03-02 16:00:00,28.120801190476193
2021-03-03 16:00:00,28.134569421101776
2021-03-04 16:00:00,28.158412885154064
2021-03-05 16:00:00,27.999294919786095
2021-03-08 16:00:00,28.2000875
2021-03-09 16:00:00,28.428080892857142
2021-03-10 16:00:00,28.577478928571427
2021-03-11 16:00:00,28.818814979296064
2021-03-12 16:00:00,28.9117402173913
2021-03-15 16:00:00,28.9063
2021-03-16 16:00:00,28.828184482758623
2021-03-17 16:00:00,28.811742036124794
2021-03-18 16:00:00,28.922542036124796
2021-03-19 16:00:00,28.967790100250625
2021-03-22 16:00:00,29.0831
2021-03-23 16:00:00,29.147100000000002
2021-03-24 16:00:00,28.981041025641023
2021-03-25 16:00:00,28.802171794871793
2021-03-26 16:00:00,28.71965610859728
2021-03-29 16:00:00,29.1315
2021-03-30 16:00:00,29.1958
2021-03-31 16:00:00,29.22486333333333
2021-04-01 16:00:00,29.354962183908043
2021-04-02 16:00:00,29.517038029318673
2021-04-05 16:00:00,29.97902142857143
2021-04-06 16:00:00,30.010603714285715
2021-04-07 16:00:00,30.029269142857146
2021-04-08 16:00:00,30.054159916666666
2021-04-09 16:00:00,30.094075297619046
2021-04-12 16:00:00,30.300424651162793
2021-04-13 16:00:00,30.276912325581396
2021-04-14 16:00:00,30.29767683553551
2021-04-15 16:00:00,30.32464750737013
2021-04-16 16:00:00,30.49725491477754
2021-04-19 16:00:00,30.92284912280702
2021-04-20 16:00:00,30.73774598997494
2021-04-21 16:00:00,30.600871685624316
2021-04-22 16:00:00,30.49185531135531
2021-04-23 16:00:00,30.470191025641025
2021-04-26 16:00:00,30.711246153846155
2021-04-27 16:00:00,30.650328632478633
2021-04-28 16:00:00,30.67526994051244
2021-04-29 16:00:00,30.63096332782688
2021-04-30 16:00:00,30.64014994670382
2021-05-03 16:00:00,30.61823181818182
2021-05-04 16:00:00,30.216988636363638
2021-05-05 16:00:00,30.20769659090909
2021-05-06 16:00:00,30.117045984848488
2021-05-07 16:00:00,30.49917293859649
2021-05-10 16:00:00,31.083091666666665
2021-05-11 16:00:00,30.796708333333335
2021-05-12 16:00:00,30.715548028673833
2021-05-13 16:00:00,30.511071738729537
2021-05-14 16:00:00,30.634591976824776
2021-05-17 16:00:00,31.036157894736842
2021-05-18 16:00:00,31.126095614035087
2021-05-19 16:00:00,30.9358081871345
2021-05-20 16:00:00,30.91700299145299
2021-05-21 16:00:00,30.937542860734037
2021-05-24 16:00:00,31.536846153846156
2021-05-25 16:00:00,31.533441258741263
2021-05-26 16:00:00,31.489047620770037
2021-05-27 16:00:00,31.405132236154653
2021-05-28 16:00:00,31.333270114942525
2021-05-31 16:00:00,31.47651043956044
2021-06-01 16:00:00,31.654313553113553
2021-06-02 16:00:00,31.639260317460316
2021-06-03 16:00:00,31.62989591806661
2021-06-04 16:00:00,31.58169143777987
2021-06-07 16:00:00,31.715136363636365
2021-06-08 16:00:00,31.71497437650845
2021-06-09 16:00:00,31.6589749176723
2021-06-10 16:00:00,31.61870279646018
2021-06-11 16:00:00,31.535078846846847
2021-06-14 16:00:00,31.67125
2021-06-15 16:00:00,31.615941129032258
2021-06-16 16:00:00,31.640730645161288
2021-06-17 16:00:00,31.46733192721257
2021-06-18 16:00:00,31.093564507857735
2021-06-21 16:00:00,30.78875070422535
2021-06-22 16:00:00,30.717075352112673
2021-06-23 16:00:00,30.74881690140845
2021-06-24 16:00:00,30.82695238095238
2021-06-25 16:00:00,30.94023504761905
2021-06-28 16:00:00,30.916382352941177
2021-06-29 16:00:00,30.99099831932773
2021-06-30 16:00:00,30.87717887955182
2021-07-01 16:00:00,30.80766253968254
2021-07-02 16:00:00,30.712942499999997
2021-07-05 16:00:00,30.750436144578313
2021-07-06 16:00:00,30.672171918443002
2021-07-07 16:00:00,30.73077294562867
2021-07-08 16:00:00,30.551310897435894
2021-07-09 16:00:00,30.63670833333333
2021-07-12 16:00:00,31.1348
2021-07-13 16:00:00,31.078969999999998
2021-07-14 16:00:00,31.046913333333332
2021-07-15 16:00:00,30.87028666666667
2021-07-16 16:00:00,30.692317777777777
2021-07-19 16:00:00,29.562466666666666
2021-07-20 16:00:00,29.611721568627452
2021-07-21 16:00:00,29.77662405650432
2021-07-22 16:00:00,30.039815559772297
2021-07-23 16:00:00,30.33465673624288
2021-07-26 16:00:00,30.648966666666666
2021-07-27 16:00:00,30.52669656862745
2021-07-28 16:00:00,30.459093364592217
2021-07-29 16:00:00,30.511704475703326
2021-07-30 16:00:00,30.57784009661836
2021-08-02 16:00:00,30.66288181818182
2021-08-03 16:00:00,30.65840995670996
2021-08-04 16:00:00,30.698573304473303
2021-08-05 16:00:00,30.778430527870068
2021-08-06 16:00:00,30.822071162790696
2021-08-09 16:00:00,30.6254
2021-08-10 16:00:00,30.656794169611306
2021-08-11 16:00:00,30.720216256959095
2021-08-12 16:00:00,30.851108413821844
2021-08-13 16:00:00,31.002893967414305
2021-08-16 16:00:00,30.950924999999998
2021-08-17 16:00:00,30.911158055555553
2021-08-18 16:00:00,30.93770450340475
2021-08-19 16:00:00,30.803382444581217
2021-08-20 16:00:00,30.6963456011316
2021-08-23 16:00:00,30.7367625
2021-08-24 16:00:00,30.875878522727273
2021-08-25 16:00:00,30.894770482656757
2021-08-26 16:00:00,30.91087256599009
2021-08-27 16:00:00,30.840331050838575
2021-08-30 16:00:00,31.040125
2021-08-31 16:00:00,31.009275357142855
2021-09-01 16:00:00,31.02732107142857
2021-09-02 16:00:00,31.036875895989976
2021-09-03 16:00:00,31.032860078184594
2021-09-06 16:00:00,31.265955110445525
2021-09-07 16:00:00,31.188347120440152
2021-09-08 16:00:00,31.0260897469601
2021-09-09 16:00:00,30.820204710144925
2021-09-10 16:00:00,30.669699561403508
2021-09-13 16:00:00,30.740342857142856
2021-09-14 16:00:00,30.79777142857143
2021-09-15 16:00:00,30.779201242236024
2021-09-16 16:00:00,30.713636490024708
2021-09-17 16:00:00,30.534997780347286
2021-09-20 16:00:00,29.3429
2021-09-21 16:00:00,29.618720588235295
2021-09-22 16:00:00,29.763123981900453
2021-09-23 16:00:00,30.14269064856712
2021-09-24 16:00:00,30.23234681555004
2021-09-27 16:00:00,30.259406896551724
2021-09-28 16:00:00,29.98978393608074
2021-09-29 16:00:00,29.882190283628294
2021-09-30 16:00:00,29.59143731811105
2021-10-01 16:00:00,29.42298365957447
2021-10-04 16:00:00,29.218685714285716
2021-10-05 16:00:00,29.11956331168831
2021-10-06 16:00:00,28.950803996410098
2021-10-07 16:00:00,28.933160371218083
2021-10-08 16:00:00,28.995035623743338
2021-10-11 16:00:00,29.07563561643836
2021-10-12 16:00:00,29.03583555282946
2021-10-13 16:00:00,29.093272186734794
2021-10-14 16:00:00,29.276232536810895
2021-10-15 16:00:00,29.57598824786325
2021-10-18 16:00:00,29.72024916201117
2021-10-19 16:00:00,29.792305100486104
2021-10-20 16:00:00,29.82550340032407
2021-10-21 16:00:00,29.888226756576756
2021-10-22 16:00:00,29.966016826923077
2021-10-25 16:00:00,29.985131578947367
2021-10-26 16:00:00,30.172269586942036
2021-10-27 16:00:00,30.185569876143177
2021-10-28 16:00:00,30.276421773054636
2021-10-29 16:00:00,30.187478500668323
2021-11-01 16:00:00,30.1816
2021-11-02 16:00:00,30.36875633802817
2021-11-03 16:00:00,30.423965449841905
2021-11-04 16:00:00,30.58661544984191
2021-11-05 16:00:00,30.63038419746277
2021-11-08 16:00:00,30.76467272727273
2021-11-09 16:00:00,30.783864795008913
2021-11-10 16:00:00,30.757769122598535
2021-11-11 16:00:00,30.67432300517429
2021-11-12 16:00:00,30.567056184031728
2021-11-15 16:00:00,30.50527894736842
2021-11-16 16:00:00,30.5264583625731
2021-11-17 16:00:00,30.502827526268245
2021-11-18 16:00:00,30.486641561355963
2021-11-19 16:00:00,30.40022490372272
2021-11-22 16:00:00,30.0441
2021-11-23 16:00:00,29.929815384615384
2021-11-24 16:00:00,29.713710256410256
2021-11-25 16:00:00,29.426907043558852
2021-11-26 16:00:00,29.06595095381526
2021-11-29 16:00:00,28.64390625
2021-11-30 16:00:00,28.644601238207546
2021-12-01 16:00:00,28.72965320642408
2021-12-02 16:00:00,28.733917789757413
2021-12-03 16:00:00,28.64925238095238
2021-12-06 16:00:00,28.647100000000002
2021-12-07 16:00:00,28.964437096774194
2021-12-08 16:00:00,29.10279139784946
2021-12-09 16:00:00,29.29920741516548
2021-12-10 16:00:00,29.274173593073595
2021-12-13 16:00:00,29.282029411764707
2021-12-14 16:00:00,29.16188737254902
2021-12-15 16:00:00,29.048358248366014
2021-12-16 16:00:00,29.069137333333334
2021-12-17 16:00:00,29.04018888888889
2021-12-20 16:00:00,28.471736842105265
2021-12-21 16:00:00,28.621368421052633
2021-12-22 16:00:00,28.753873065015483
2021-12-23 16:00:00,29.081767450980394
2021-12-24 16:00:00,29.363900784313728
2021-12-27 16:00:00,29.6526
2021-12-28 16:00:00,29.72373
2021-12-29 16:00:00,29.73407632183908
2021-12-30 16:00:00,29.804263821839083
2021-12-31 16:00:00,29.807588228133785
2022-01-03 16:00:00,30.0169
2022-01-04 16:00:00,30.122931578947366
2022-01-05 16:00:00,30.2433331738437
2022-01-06 16:00:00,30.25280579289132
2022-01-07 16:00:00,30.171129355644354
2022-01-10 16:00:00,29.5546
2022-01-11 16:00:00,29.702283846153847
2022-01-12 16:00:00,29.910882564102565
2022-01-13 16:00:00,30.21859684981685
2022-01-14 16:00:00,30.322248479262672
2022-01-17 16:00:00,29.859514525139666
2022-01-18 16:00:00,29.793192262569832
2022-01-19 16:00:00,29.807896992250857
2022-01-20 16:00:00,29.778842563760776
2022-01-21 16:00:00,29.595799230427442
2022-01-24 16:00:00,28.21257142857143
2022-01-25 16:00:00,28.201367532467533
2022-01-26 16:00:00,28.466978354978355
2022-01-27 16:00:00,28.635732976827097
2022-01-28 16:00:00,28.618306338349296
2022-01-31 16:00:00,28.6812
2022-02-01 16:00:00,28.94621710526316
2022-02-02 16:00:00,29.057605054302424
2022-02-03 16:00:00,29.19437949039265
2022-02-04 16:00:00,28.994534753550543
2022-02-07 16:00:00,28.81098888888889
2022-02-08 16:00:00,28.750344444444444
2022-02-09 16:00:00,28.947562962962962
2022-02-10 16:00:00,29.091597500000002
2022-02-11 16:00:00,29.226291053315
2022-02-14 16:00:00,28.10749411764706
2022-02-15 16:00:00,28.45363535669587
2022-02-16 16:00:00,28.6078728464929
2022-02-17 16:00:00,28.806786282687046
2022-02-18 16:00:00,28.646422289233694
2022-02-21 16:00:00,27.85622962962963
2022-02-22 16:00:00,27.801307407407407
2022-02-23 16:00:00,27.761215749082414
2022-02-24 16:00:00,27.09473920587254
2022-02-25 16:00:00,26.797694144144142
2022-02-28 16:00:00,26.61178
2022-03-01 16:00:00,26.30828090909091
2022-03-02 16:00:00,26.070530129870132
2022-03-03 16:00:00,25.694051525218967
2022-03-04 16:00:00,25.002257585825024
2022-03-07 16:00:00,23.400933333333334
2022-03-08 16:00:00,23.318671666666667
2022-03-09 16:00:00,23.833087777777777
2022-03-10 16:00:00,24.28505523809524
2022-03-11 16:00:00,24.86763412698413
2022-03-14 16:00:00,25.2929
2022-03-15 16:00:00,25.20056
2022-03-16 16:00:00,25.47632333333333
2022-03-17 16:00:00,25.83682333333333
2022-03-18 16:00:00,26.17139197530864
2022-03-21 16:00:00,26.274058823529412
2022-03-22 16:00:00,26.38844117647059
2022-03-23 16:00:00,26.242060784313725
2022-03-24 16:00:00,26.128049723479137
2022-03-25 16:00:00,26.012305074786326
2022-03-28 16:00:00,26.391532467532468
2022-03-29 16:00:00,26.826649567099565
2022-03-30 16:00:00,26.884445325434797
2022-03-31 16:00:00,26.96968450292398
2022-04-01 16:00:00,26.708644331983805
2022-04-04 16:00:00,26.399967307692307
2022-04-05 16:00:00,26.34640462158809
2022-04-06 16:00:00,26.04835863661428
2022-04-07 16:00:00,25.796436200716844
2022-04-08 16:00:00,25.526204629629632
2022-04-11 16:00:00,25.593552
2022-04-12 16:00:00,25.55957772413793
2022-04-13 16:00:00,25.42821848275862
2022-04-14 16:00:00,25.299410673234814
2022-04-15 16:00:00,25.20703080790676
2022-04-18 16:00:00,25.196605555555557
2022-04-19 16:00:00,25.22374277777778
2022-04-20 16:00:00,25.351828518518516
2022-04-21 16:00:00,25.66380814814815
2022-04-22 16:00:00,25.73266814814815
2022-04-25 16:00:00,24.772166666666667
2022-04-26 16:00:00,24.736708333333333
2022-04-27 16:00:00,24.524805555555556
2022-04-28 16:00:00,24.29901666666667
2022-04-29 16:00:00,24.265133333333335
2022-05-02 16:00:00,24.336116666666666
2022-05-03 16:00:00,24.347658333333335
2022-05-04 16:00:00,24.368317936507935
2022-05-05 16:00:00,24.401279047619045
2022-05-06 16:00:00,24.250415102040815
2022-05-09 16:00:00,23.5501
2022-05-10 16:00:00,23.654220000000002
2022-05-11 16:00:00,23.730373333333333
2022-05-12 16:00:00,23.67344
2022-05-13 16:00:00,23.674993333333333
2022-05-16 16:00:00,23.77656
2022-05-17 16:00:00,24.15158
2022-05-18 16:00:00,24.214619999999996
2022-05-19 16:00:00,24.310233333333333
2022-05-20 16:00:00,24.299264583333336
2022-05-23 16:00:00,24.754981818181818
2022-05-24 16:00:00,24.74166590909091
2022-05-25 16:00:00,24.710339939393936
2022-05-26 16:00:00,24.815712666666666
2022-05-27 16:00:00,25.081696000000004
2022-05-30 16:00:00,25.447591620111734
2022-05-31 16:00:00,25.419562476722533
2022-06-01 16:00:00,25.420354349561052
2022-06-02 16:00:00,25.414390476190476
2022-06-03 16:00:00,25.483538624338625
2022-06-06 16:00:00,25.91942
2022-06-07 16:00:00,25.714933255813953
2022-06-08 16:00:00,25.67102217054263
2022-06-09 16:00:00,25.4168488372093
2022-06-10 16:00:00,24.914779999999997
2022-06-13 16:00:00,23.19555
2022-06-14 16:00:00,23.139525
2022-06-15 16:00:00,23.18892272727273
2022-06-16 16:00:00,22.966672727272726
2022-06-17 16:00:00,22.862730505050507
2022-06-20 16:00:00,23.065325698324024
2022-06-21 16:00:00,23.143762849162012
2022-06-22 16:00:00,23.011739167200904
2022-06-23 16:00:00,22.803052823315117
2022-06-24 16:00:00,22.670309966172265
2022-06-27 16:00:00,22.964333333333332
2022-06-28 16:00:00,23.022616666666664
2022-06-29 16:00:00,22.851312912912913
2022-06-30 16:00:00,22.4388214987715
2022-07-01 16:00:00,22.122688165438166
2022-07-04 16:00:00,21.83995011737089
2022-07-05 16:00:00,21.473225058685443
2022-07-06 16:00:00,21.367416705790294
2022-07-07 16:00:00,21.255483333333334
2022-07-08 16:00:00,21.401505555555556
2022-07-11 16:00:00,21.2696
2022-07-12 16:00:00,21.2227
2022-07-13 16:00:00,21.136543333333332
2022-07-14 16:00:00,20.891957916666666
2022-07-15 16:00:00,20.873343101851855
2022-07-18 16:00:00,21.68016
2022-07-19 16:00:00,21.854750588235294
2022-07-20 16:00:00,21.97740146742568
2022-07-21 16:00:00,22.094475178117506
2022-07-22 16:00:00,22.238130202627307
2022-07-25 16:00:00,22.34108
2022-07-26 16:00:00,22.129295555555558
2022-07-27 16:00:00,22.072453321190043
2022-07-28 16:00:00,21.985640380013574
2022-07-29 16:00:00,22.195255935569126
2022-08-01 16:00:00,22.8721
2022-08-02 16:00:00,22.741865263157894
2022-08-03 16:00:00,22.68414350877193
2022-08-04 16:00:00,22.714710175438597
2022-08-05 16:00:00,22.784019999999998
2022-08-08 16:00:00,23.0670962962963
2022-08-09 16:00:00,22.937258862433865
2022-08-10 16:00:00,23.02075657495591
2022-08-11 16:00:00,23.117419511651473
2022-08-12 16:00:00,23.264779035460993
2022-08-15 16:00:00,23.19341463414634
2022-08-16 16:00:00,23.206633045228507
2022-08-17 16:00:00,23.120346030152337
2022-08-18 16:00:00,22.98726454707018
2022-08-19 16:00:00,22.75984263306185
2022-08-22 16:00:00,21.745665625
2022-08-23 16:00:00,21.7683828125
2022-08-24 16:00:00,21.70726051136364
2022-08-25 16:00:00,21.71840922459893
2022-08-26 16:00:00,21.71148700237671
2022-08-29 16:00:00,21.27526
2022-08-30 16:00:00,21.33408
2022-08-31 16:00:00,21.325905840707964
2022-09-01 16:00:00,21.1868191740413
2022-09-02 16:00:00,21.14376044388257
2022-09-05 16:00:00,21.003207148175726
2022-09-06 16:00:00,20.946703574087863
2022-09-07 16:00:00,20.97276238272524
2022-09-08 16:00:00,20.98886
2022-09-09 16:00:00,21.242793333333335
2022-09-12 16:00:00,22.399225
2022-09-13 16:00:00,22.192279166666665
2022-09-14 16:00:00,21.958997222222223
2022-09-15 16:00:00,21.667688190013166
2022-09-16 16:00:00,21.31513776266274
2022-09-19 16:00:00,21.02427777777778
2022-09-20 16:00:00,20.92978888888889
2022-09-21 16:00:00,20.845742592592593
2022-09-22 16:00:00,20.614583333333332
2022-09-23 16:00:00,20.23465
2022-09-26 16:00:00,19.63853333333333
2022-09-27 16:00:00,19.510521354166663
2022-09-28 16:00:00,19.39134923611111
2022-09-29 16:00:00,19.22594923611111
2022-09-30 16:00:00,19.241935444444447
2022-10-03 16:00:00,19.696570588235293
2022-10-04 16:00:00,20.13693529411765
2022-10-05 16:00:00,20.201556862745097
2022-10-06 16:00:00,20.364465217391306
2022-10-07 16:00:00,20.116253169198533
2022-10-10 16:00:00,19.712677142857146
2022-10-11 16:00:00,19.53623142857143
2022-10-12 16:00:00,19.508025714285715
2022-10-13 16:00:00,19.391433333333335
2022-10-14 16:00:00,19.64240476190476
2022-10-17 16:00:00,20.401925000000002
2022-10-18 16:00:00,20.6677375
2022-10-19 16:00:00,20.620386904761904
2022-10-20 16:00:00,20.67415857142857
2022-10-21 16:00:00,20.55478523809524
2022-10-24 16:00:00,21.1374375
2022-10-25 16:00:00,21.250611174242422
2022-10-26 16:00:00,21.384677564437478
2022-10-27 16:00:00,21.58998422187905
2022-10-28 16:00:00,21.68648670828154
2022-10-31 16:00:00,21.553263636363635
2022-11-01 16:00:00,21.72020681818182
2022-11-02 16:00:00,21.71572619047619
2022-11-03 16:00:00,21.504720767828662
2022-11-04 16:00:00,21.47254854560644
2022-11-07 16:00:00,22.215142857142855
2022-11-08 16:00:00,22.323636428571426
2022-11-09 16:00:00,22.41085761904762
2022-11-10 16:00:00,22.85322111111111
2022-11-11 16:00:00,23.40321111111111
2022-11-14 16:00:00,24.393140000000002
2022-11-15 16:00:00,24.47499142857143
2022-11-16 16:00:00,24.440825054945055
2022-11-17 16:00:00,24.38320315018315
2022-11-18 16:00:00,24.328955531135534
2022-11-21 16:00:00,24.23929565217391
2022-11-22 16:00:00,24.285897826086956
2022-11-23 16:00:00,24.393890217391306
2022-11-24 16:00:00,24.55346410950662
2022-11-25 16:00:00,24.68892601426852
2022-11-28 16:00:00,24.71550322580645
2022-11-29 16:00:00,24.560398041474656
2022-11-30 16:00:00,24.545265360983098
2022-12-01 16:00:00,24.664995993031358
2022-12-02 16:00:00,24.858552220137586
2022-12-05 16:00:00,25.07403
2022-12-06 16:00:00,24.930311875
2022-12-07 16:00:00,24.851146011904763
2022-12-08 16:00:00,24.71211427277433
2022-12-09 16:00:00,24.72353857832988
2022-12-12 16:00:00,24.799060317460317
2022-12-13 16:00:00,25.23731735385211
2022-12-14 16:00:00,25.245059996907695
2022-12-15 16:00:00,25.183865817013515
2022-12-16 16:00:00,24.69990805323258
2022-12-19 16:00:00,24.37535652173913
2022-12-20 16:00:00,24.325478260869566
2022-12-21 16:00:00,24.391018840579708
2022-12-22 16:00:00,24.380133333333333
2022-12-23 16:00:00,24.398133333333334
2022-12-26 16:00:00,24.436392151805453
2022-12-27 16:00:00,24.456733575902724
2022-12-28 16:00:00,24.469055717268485
2022-12-29 16:00:00,24.520325
2022-12-30 16:00:00,24.518671428571434
2023-01-02 16:00:00,24.706324199553237
2023-01-03 16:00:00,24.70681209977662
2023-01-04 16:00:00,24.88297473318441
2023-01-05 16:00:00,24.99848596491228
2023-01-06 16:00:00,25.126787893286934
2023-01-09 16:00:00,26.1305
2023-01-10 16:00:00,26.1162
2023-01-11 16:00:00,26.231355555555556
2023-01-12 16:00:00,26.37761666666667
2023-01-13 16:00:00,26.649583333333336
2023-01-16 16:00:00,27.034633482142855
2023-01-17 16:00:00,27.096789241071427
2023-01-18 16:00:00,27.14289282738095
2023-01-19 16:00:00,27.014440136612023
2023-01-20 16:00:00,26.874627340468766
2023-01-23 16:00:00,26.8968
2023-01-24 16:00:00,26.877875
2023-01-25 16:00:00,26.902255555555556
2023-01-26 16:00:00,26.951046581196582
2023-01-27 16:00:00,26.99685859670046
2023-01-30 16:00:00,27.1176037037037
2023-01-31 16:00:00,27.008390740740737
2023-02-01 16:00:00,27.08049557007988
2023-02-02 16:00:00,27.292846187363835
2023-02-03 16:00:00,27.480986928104574
2023-02-06 16:00:00,27.118050515463917
2023-02-07 16:00:00,27.02727882916053
2023-02-08 16:00:00,27.10038588610702
2023-02-09 16:00:00,27.268485714285713
2023-02-10 16:00:00,27.283152580258022
2023-02-13 16:00:00,27.08882
2023-02-14 16:00:00,27.21718
2023-02-15 16:00:00,27.216183862928347
2023-02-16 16:00:00,27.230814696261678
2023-02-17 16:00:00,27.137554957699592
2023-02-20 16:00:00,27.299005783267827
2023-02-21 16:00:00,27.139690391633913
2023-02-22 16:00:00,27.06442389745291
2023-02-23 16:00:00,27.01000482683983
2023-02-24 16:00:00,26.827837402597407
2023-02-27 16:00:00,26.870870588235295
2023-02-28 16:00:00,26.864913235294118
2023-03-01 16:00:00,26.87915365111562
2023-03-02 16:00:00,26.798050121703852
2023-03-03 16:00:00,26.899111429527952
2023-03-06 16:00:00,27.446555882352943
2023-03-07 16:00:00,27.3171245740178
2023-03-08 16:00:00,27.22887954057327
2023-03-09 16:00:00,27.101637897249276
2023-03-10 16:00:00,27.033074956836533
2023-03-13 16:00:00,26.30385
2023-03-14 16:00:00,26.570351470588236
2023-03-15 16:00:00,26.236434313725493
2023-03-16 16:00:00,26.07301098039216
2023-03-17 16:00:00,25.757793333333336
2023-03-20 16:00:00,26.27374347826087
2023-03-21 16:00:00,26.581515489130435
2023-03-22 16:00:00,26.728315768263826
2023-03-23 16:00:00,27.027725634484565
2023-03-24 16:00:00,26.848660104181533
2023-03-27 16:00:00,26.913915384615382
2023-03-28 16:00:00,26.92846769230769
2023-03-29 16:00:00,27.104474089953765
2023-03-30 16:00:00,27.416068961748636
2023-03-31 16:00:00,27.757862295081967
2023-04-03 16:00:00,27.951700000000002
2023-04-04 16:00:00,28.061278571428574
2023-04-05 16:00:00,28.02049754224271
2023-04-06 16:00:00,27.99183712557604
2023-04-07 16:00:00,27.964240051886225
2023-04-10 16:00:00,27.925358536585367
2023-04-11 16:00:00,28.05935868005739
2023-04-12 16:00:00,28.161363194112337
2023-04-13 16:00:00,28.37191451525055
2023-04-14 16:00:00,28.525461574074075
2023-04-17 16:00:00,28.3969
2023-04-18 16:00:00,28.531669230769232
2023-04-19 16:00:00,28.55038549810845
2023-04-20 16:00:00,28.548752164775113
2023-04-21 16:00:00,28.48742737845033
2023-04-24 16:00:00,28.77381304347826
2023-04-25 16:00:00,28.646439855072465
2023-04-26 16:00:00,28.590388236714976
2023-04-27 16:00:00,28.50257908435293
2023-04-28 16:00:00,28.53492921985428
2023-05-01 16:00:00,28.87832222222222
2023-05-02 16:00:00,28.694375925925925
2023-05-03 16:00:00,28.64596014109347
2023-05-04 16:00:00,28.4833610670194
2023-05-05 16:00:00,28.550299839124836
2023-05-08 16:00:00,28.8492
2023-05-09 16:00:00,28.727248780487805
2023-05-10 16:00:00,28.701390096082775
2023-05-11 16:00:00,28.477174540527226
2023-05-12 16:00:00,28.366787474747472
2023-05-15 16:00:00,28.288824390243903
2023-05-16 16:00:00,28.2973270466071
2023-05-17 16:00:00,28.355369991855714
2023-05-18 16:00:00,28.378034083996635
2023-05-19 16:00:00,28.549287340901273
2023-05-22 16:00:00,28.691655555555556
2023-05-23 16:00:00,28.61092777777778
2023-05-24 16:00:00,28.33324989106754
2023-05-25 16:00:00,28.005953594771242
2023-05-26 16:00:00,27.854385377716977
2023-05-29 16:00:00,28.069597765363127
2023-05-30 16:00:00,28.046359993792674
2023-05-31 16:00:00,27.897151106972895
2023-06-01 16:00:00,27.750626694619147
2023-06-02 16:00:00,27.735801953878408
2023-06-05 16:00:00,28.143788679245283
2023-06-06 16:00:00,28.165261006289306
2023-06-07 16:00:00,28.11866567085954
2023-06-08 16:00:00,28.08876944444444
2023-06-09 16:00:00,28.043664393939395
2023-06-12 16:00:00,28.26654366197183
2023-06-13 16:00:00,28.385306124179635
2023-06-14 16:00:00,28.543502693897533
2023-06-15 16:00:00,28.76626486946667
2023-06-16 16:00:00,28.989121174004197
2023-06-19 16:00:00,29.2825
2023-06-20 16:00:00,29.12285
2023-06-21 16:00:00,29.02092083333333
2023-06-22 16:00:00,28.720958088235292
2023-06-23 16:00:00,28.417209940087144
2023-06-26 16:00:00,28.24199104477612
2023-06-27 16:00:00,28.286912189054725
2023-06-28 16:00:00,28.348805020446424
2023-06-29 16:00:00,28.361279434092477
2023-06-30 16:00:00,28.50604927536232
2023-07-03 16:00:00,28.691330578512396
2023-07-04 16:00:00,28.81018799917986
2023-07-05 16:00:00,28.656114763680886
2023-07-06 16:00:00,28.334837904176755
2023-07-07 16:00:00,27.98322966077937
2023-07-10 16:00:00,28.05467777777778
2023-07-11 16:00:00,28.22613888888889
2023-07-12 16:00:00,28.483517415287633
2023-07-13 16:00:00,28.981933913604124
2023-07-14 16:00:00,29.38183647770669
2023-07-17 16:00:00,29.40863191489362
2023-07-18 16:00:00,29.45915366236484
2023-07-19 16:00:00,29.484468741942862
2023-07-20 16:00:00,29.513800439411412
2023-07-21 16:00:00,29.453013398037484
2023-07-24 16:00:00,29.210693023255814
2023-07-25 16:00:00,29.176100181352677
2023-07-26 16:00:00,29.10806678756845
2023-07-27 16:00:00,29.171573034718474
2023-07-28 16:00:00,29.315199573742543
2023-07-31 16:00:00,29.731299999999997
2023-08-01 16:00:00,29.472464705882352
2023-08-02 16:00:00,29.22540980392157
2023-08-03 16:00:00,28.74614063098924
2023-08-04 16:00:00,28.514164160401005
2023-08-07 16:00:00,28.507525806451614
2023-08-08 16:00:00,28.322112903225808
2023-08-09 16:00:00,28.359081329423265
2023-08-10 16:00:00,28.460725788497218
2023-08-11 16:00:00,28.51726304339918
2023-08-14 16:00:00,28.1944825
2023-08-15 16:00:00,28.18903125
2023-08-16 16:00:00,28.13741712962963
2023-08-17 16:00:00,28.06405049919485
2023-08-18 16:00:00,27.84406406241324
2023-08-21 16:00:00,27.745476086956522
2023-08-22 16:00:00,27.78494429347826
2023-08-23 16:00:00,27.779254528985508
2023-08-24 16:00:00,27.787614532520326
2023-08-25 16:00:00,27.718298020174643
2023-08-28 16:00:00,27.85636
2023-08-29 16:00:00,27.92743
2023-08-30 16:00:00,28.095299999999998
2023-08-31 16:00:00,28.272206086956526
2023-09-01 16:00:00,28.325048022440388
2023-09-04 16:00:00,27.880521229050277
2023-09-05 16:00:00,27.75456811452514
2023-09-06 16:00:00,27.708635605761856
2023-09-07 16:00:00,27.5542018627451
2023-09-08 16:00:00,27.51746769607843
2023-09-11 16:00:00,27.6188
2023-09-12 16:00:00,27.54316153846154
2023-09-13 16:00:00,27.50345769230769
2023-09-14 16:00:00,27.44352644230769
2023-09-15 16:00:00,27.53288541666667
2023-09-18 16:00:00,27.36152142857143
2023-09-19 16:00:00,27.361869423963135
2023-09-20 16:00:00,27.431279615975424
2023-09-21 16:00:00,27.332072473118277
2023-09-22 16:00:00,27.22553363914373
2023-09-25 16:00:00,26.619112813370474
2023-09-26 16:00:00,26.517823073351906
2023-09-27 16:00:00,26.409537604456826
2023-09-28 16:00:00,26.34923333333333
2023-09-29 16:00:00,26.465888888888887
2023-10-02 16:00:00,26.22778823529412
2023-10-03 16:00:00,26.065896200980394
2023-10-04 16:00:00,25.998441911764704
2023-10-05 16:00:00,25.921515114379087
2023-10-06 16:00:00,25.93516305882353
2023-10-09 16:00:00,26.08610956521739
2023-10-10 16:00:00,26.36776519927536
2023-10-11 16:00:00,26.51437635507246
2023-10-12 16:00:00,26.719313962686567
2023-10-13 16:00:00,26.57463930990879
2023-10-16 16:00:00,26.282412121212122
2023-10-17 16:00:00,26.253602006552008
2023-10-18 16:00:00,26.182247171034675
2023-10-19 16:00:00,26.093523032591417
2023-10-20 16:00:00,25.909477348197342
2023-10-23 16:00:00,25.496499999999997
2023-10-24 16:00:00,25.60253896103896
2023-10-25 16:00:00,25.635650005033725
2023-10-26 16:00:00,25.605675495229804
2023-10-27 16:00:00,25.5479761878705
2023-10-30 16:00:00,25.561899999999998
2023-10-31 16:00:00,25.57543571428571
2023-11-01 16:00:00,25.614710084033614
2023-11-02 16:00:00,25.899637068160597
2023-11-03 16:00:00,26.277897572362278
2023-11-06 16:00:00,26.4992
2023-11-07 16:00:00,26.43
2023-11-08 16:00:00,26.484733333333335
2023-11-09 16:00:00,26.572904347826086
2023-11-10 16:00:00,26.642178541374474
2023-11-13 16:00:00,26.591533333333334
2023-11-14 16:00:00,27.079866666666668
2023-11-15 16:00:00,27.319156209150325
2023-11-16 16:00:00,27.821345098039217
2023-11-17 16:00:00,28.045811764705878
2023-11-20 16:00:00,28.3295
2023-11-21 16:00:00,28.384713793103447
2023-11-22 16:00:00,28.36454765694076
2023-11-23 16:00:00,28.402430387864456
2023-11-24 16:00:00,28.44650222376971
2023-11-27 16:00:00,28.66155378486056
2023-11-28 16:00:00,28.635841178144567
2023-11-29 16:00:00,28.759895611300355
2023-11-30 16:00:00,28.817631016346837
2023-12-01 16:00:00,28.922393097475588
2023-12-04 16:00:00,29.028314285714288
2023-12-05 16:00:00,29.043182142857145
2023-12-06 16:00:00,29.1472521978022
2023-12-07 16:00:00,29.227770769230773
2023-12-08 16:00:00,29.353472517482516
2023-12-11 16:00:00,29.4218625
2023-12-12 16:00:00,29.46363983490566
2023-12-13 16:00:00,29.49356556369597
2023-12-14 16:00:00,29.694306635124544
2023-12-15 16:00:00,29.78683503883823
2023-12-18 16:00:00,29.683
2023-12-19 16:00:00,29.81755714285714
2023-12-20 16:00:00,29.84804499178982
2023-12-21 16:00:00,29.915431658456484
2023-12-22 16:00:00,29.954235987460816
2023-12-25 16:00:00,29.77779775280899
2023-12-26 16:00:00,29.97113349178911
2023-12-27 16:00:00,30.06642232785941
2023-12-28 16:00:00,30.23909078525641
2023-12-29 16:00:00,30.27791362028302
2024-01-01 16:00:00,30.0939
2024-01-02 16:00:00,30.036851612903227
2024-01-03 16:00:00,29.818942741935484
2024-01-04 16:00:00,29.64864078115117
2024-01-05 16:00:00,29.55495343137255
2024-01-08 16:00:00,29.853457142857142
2024-01-09 16:00:00,29.80037857142857
2024-01-10 16:00:00,29.78561469979296
2024-01-11 16:00:00,29.70965974594178
2024-01-12 16:00:00,29.791504190386224
2024-01-15 16:00:00,29.465678212290502
2024-01-16 16:00:00,29.378204731145253
2024-01-17 16:00:00,29.24042634250263
2024-01-18 16:00:00,29.193853605072466
2024-01-19 16:00:00,29.20262652173913
2024-01-22 16:00:00,29.580466666666666
2024-01-23 16:00:00,29.499746578879424
2024-01-24 16:00:00,29.68370142295665
2024-01-25 16:00:00,29.803162534067763
2024-01-26 16:00:00,29.982674216524217
2024-01-29 16:00:00,29.80334
2024-01-30 16:00:00,29.85548
2024-01-31 16:00:00,29.881618
2024-02-01 16:00:00,29.87278333333333
2024-02-02 16:00:00,29.834369075907592
2024-02-05 16:00:00,29.574964285714284
2024-02-06 16:00:00,29.629203256012616
2024-02-07 16:00:00,29.674444543556433
2024-02-08 16:00:00,29.74787073403262
2024-02-09 16:00:00,29.778157733864457
2024-02-12 16:00:00,29.812433333333335
2024-02-13 16:00:00,29.597050030807146
2024-02-14 16:00:00,29.58957551073418
2024-02-15 16:00:00,29.62535249486116
2024-02-16 16:00:00,29.842143913303023
2024-02-19 16:00:00,29.37714827586207
2024-02-20 16:00:00,29.738989002795897
2024-02-21 16:00:00,29.886241688138444
2024-02-22 16:00:00,30.315692262851087
2024-02-23 16:00:00,30.53324346405229
2024-02-26 16:00:00,30.874336363636363
2024-02-27 16:00:00,30.971607312252964
2024-02-28 16:00:00,31.022899666501974
2024-02-29 16:00:00,31.221581295289855
2024-03-01 16:00:00,31.294083541666666
2024-03-04 16:00:00,31.456946153846154
2024-03-05 16:00:00,31.430073076923076
2024-03-06 16:00:00,31.484396336996337
2024-03-07 16:00:00,31.596613632119514
2024-03-08 16:00:00,31.760248040721663
2024-03-11 16:00:00,31.687943661971833
2024-03-12 16:00:00,31.734630526638092
2024-03-13 16:00:00,31.839670351092057
2024-03-14 16:00:00,31.89457340716434
2024-03-15 16:00:00,32.017321633051395
2024-03-18 16:00:00,31.937209638554215
2024-03-19 16:00:00,31.87546929296132
2024-03-20 16:00:00,31.904608232344582
2024-03-21 16:00:00,31.982406773879138
2024-03-22 16:00:00,32.09856112475634
2024-03-25 16:00:00,32.22345789473684
2024-03-26 16:00:00,32.378053475670306
2024-03-27 16:00:00,32.46784529956968
2024-03-28 16:00:00,32.58871423661819
2024-03-29 16:00:00,32.622588586691904
2024-04-01 16:00:00,32.79109523809524
2024-04-02 16:00:00,32.49809060150376
2024-04-03 16:00:00,32.39880888585099
2024-04-04 16:00:00,32.361977139819246
2024-04-05 16:00:00,32.315060606060605
2024-04-08 16:00:00,32.3974
2024-04-09 16:00:00,32.290228125
2024-04-10 16:00:00,32.086743750000004
2024-04-11 16:00:00,31.77711041666667
2024-04-12 16:00:00,31.435681730769232
2024-04-15 16:00:00,31.383376119402985
2024-04-16 16:00:00,30.96236487534395
2024-04-17 16:00:00,30.956424202610254
2024-04-18 16:00:00,30.80308216280926
2024-04-19 16:00:00,30.88975095238095
2024-04-22 16:00:00,31.016863855421686
2024-04-23 16:00:00,31.284427761044178
2024-04-24 16:00:00,31.378671448539254
2024-04-25 16:00:00,31.42256683006536
2024-04-26 16:00:00,31.469424766573297
2024-04-29 16:00:00,31.550636363636364
2024-04-30 16:00:00,31.531833181818183
2024-05-01 16:00:00,31.37555224941725
2024-05-02 16:00:00,31.26892730769231
2024-05-03 16:00:00,31.313440496098107
2024-05-06 16:00:00,31.876795394736842
2024-05-07 16:00:00,32.1232158791866
2024-05-08 16:00:00,32.2382105861244
2024-05-09 16:00:00,32.50837045454546
2024-05-10 16:00:00,32.717125
2024-05-13 16:00:00,33.00006153846154
2024-05-14 16:00:00,32.97548076923077
2024-05-15 16:00:00,33.088082528324385
2024-05-16 16:00:00,33.132150904392766
2024-05-17 16:00:00,33.15365090439277
2024-05-20 16:00:00,33.1947453125
2024-05-21 16:00:00,33.08502694196429
2024-05-22 16:00:00,33.05865605654762
2024-05-23 16:00:00,32.98575021164021
2024-05-24 16:00:00,32.927714021164014
2024-05-27 16:00:00,33.05714022346368
2024-05-28 16:00:00,33.01203967694923
2024-05-29 16:00:00,32.847766681184545
2024-05-30 16:00:00,32.67644771780777
2024-05-31 16:00:00,32.580714161508986
2024-06-03 16:00:00,32.939525
2024-06-04 16:00:00,32.82455993589744
2024-06-05 16:00:00,32.80295106837607
2024-06-06 16:00:00,32.80794273504274
2024-06-07 16:00:00,32.769081003584226
2024-06-10 16:00:00,32.1165
2024-06-11 16:00:00,31.9969375
2024-06-12 16:00:00,32.25718055555556
2024-06-13 16:00:00,32.28149295865634
2024-06-14 16:00:00,32.043795231383605
2024-06-17 16:00:00,31.3361
2024-06-18 16:00:00,31.397006756756756
2024-06-19 16:00:00,31.470737837837834
2024-06-20 16:00:00,31.58210981236013
2024-06-21 16:00:00,31.57896245071277
2024-06-24 16:00:00,32.01843703703704
2024-06-25 16:00:00,31.772080125661375
2024-06-26 16:00:00,31.631659953055294
2024-06-27 16:00:00,31.518284449481545
2024-06-28 16:00:00,31.57853883259843
2024-07-01 16:00:00,32.0314
2024-07-02 16:00:00,31.80952142857143
2024-07-03 16:00:00,31.91871184668989
2024-07-04 16:00:00,31.872153917887303
2024-07-05 16:00:00,32.156139632173016
2024-07-08 16:00:00,32.541852941176465
2024-07-09 16:00:00,32.338833613445374
2024-07-10 16:00:00,32.29606685340803
2024-07-11 16:00:00,32.36056253968254
2024-07-12 16:00:00,32.625826153846155
2024-07-15 16:00:00,32.91104615384615
2024-07-16 16:00:00,32.741014743589744
2024-07-17 16:00:00,32.742255662393156
2024-07-18 16:00:00,32.6306664192281
2024-07-19 16:00:00,32.494658860029546
2024-07-22 16:00:00,32.56769428571428
2024-07-23 16:00:00,32.5793425974026
2024-07-24 16:00:00,32.50997614601615
2024-07-25 16:00:00,32.31913638411138
2024-07-26 16:00:00,32.21745173325499
2024-07-29 16:00:00,32.112873293323325
2024-07-30 16:00:00,32.20340093237594
2024-07-31 16:00:00,32.27895209957139
2024-08-01 16:00:00,32.2362657637017
2024-08-02 16:00:00,31.924796239892185
2024-08-05 16:00:00,30.756700000000002
2024-08-06 16:00:00,30.713483333333336
2024-08-07 16:00:00,30.870337908496733
2024-08-08 16:00:00,30.9785045751634
2024-08-09 16:00:00,31.21193003506038
2024-08-12 16:00:00,31.395796460176992
2024-08-13 16:00:00,31.43147059850955
2024-08-14 16:00:00,31.602365456477628
2024-08-15 16:00:00,31.902785088799586
2024-08-16 16:00:00,32.27858922413793
2024-08-19 16:00:00,32.94898181818182
2024-08-20 16:00:00,32.98414090909091
2024-08-21 16:00:00,33.01657171717172
2024-08-22 16:00:00,33.138506944444444
2024-08-23 16:00:00,33.29462916666666
2024-08-26 16:00:00,33.67533
2024-08-27 16:00:00,33.70177771729186
2024-08-28 16:00:00,33.774300296376396
2024-08-29 16:00:00,33.84208575092185
2024-08-30 16:00:00,33.90605022870212
2024-09-02 16:00:00,33.779526815642456
2024-09-03 16:00:00,33.70040340782123
2024-09-04 16:00:00,33.58603364442984
2024-09-05 16:00:00,33.487940021197666
2024-09-06 16:00:00,33.36099552507364
2024-09-09 16:00:00,32.99000638297873
2024-09-10 16:00:00,32.82030773694391
2024-09-11 16:00:00,32.77855139452175
2024-09-12 16:00:00,32.79578910426054
2024-09-13 16:00:00,33.11616308545177
2024-09-16 16:00:00,33.54378864229765
2024-09-17 16:00:00,33.60943929722538
2024-09-18 16:00:00,33.68120988609351
2024-09-19 16:00:00,33.9057136719943
2024-09-20 16:00:00,33.9834170212766
2024-09-23 16:00:00,33.983447368421054
2024-09-24 16:00:00,34.14087965435978
2024-09-25 16:00:00,34.219553102906524
2024-09-26 16:00:00,34.45389576092142
2024-09-27 16:00:00,34.7701542280793
2024-09-30 16:00:00,35.09241739130435
2024-10-01 16:00:00,34.824408695652174
2024-10-02 16:00:00,34.63888079710145
2024-10-03 16:00:00,34.29163141025641
2024-10-04 16:00:00,34.136400522884394
2024-10-07 16:00:00,33.98792695035461
2024-10-08 16:00:00,33.963013475177306
2024-10-09 16:00:00,33.98334163651276
2024-10-10 16:00:00,33.9872968807035
2024-10-11 16:00:00,34.081151782664286
2024-10-14 16:00:00,34.4384448275862
2024-10-15 16:00:00,34.50369059561129
2024-10-16 16:00:00,34.44336103401687
2024-10-17 16:00:00,34.417916758154796
2024-10-18 16:00:00,34.36006486103232
2024-10-21 16:00:00,34.365091011235954
2024-10-22 16:00:00,34.40938028822667
2024-10-23 16:00:00,34.2649113486137
2024-10-24 16:00:00,34.19736002388073
2024-10-25 16:00:00,34.10154911617669
2024-10-28 16:00:00,34.07771111111111
2024-10-29 16:00:00,34.11352001836547
2024-10-30 16:00:00,34.02313073688133
2024-10-31 16:00:00,33.868160366510956
2024-11-01 16:00:00,33.761054679439944
2024-11-04 16:00:00,33.8492
2024-11-05 16:00:00,33.910203941541184
2024-11-06 16:00:00,33.62009237128387
2024-11-07 16:00:00,33.66350653795053
2024-11-08 16:00:00,33.475377984330486
2024-11-11 16:00:00,33.62092
2024-11-12 16:00:00,33.29460696969697
2024-11-13 16:00:00,32.997271313131314
2024-11-14 16:00:00,32.75143964646465
2024-11-15 16:00:00,32.72230833333333
2024-11-18 16:00:00,32.80488823529412
2024-11-19 16:00:00,32.608374886877826
2024-11-20 16:00:00,32.5369378033731
2024-11-21 16:00:00,32.423727439227434
2024-11-22 16:00:00,32.469194023181124
2024-11-25 16:00:00,33.03790697674419
2024-11-26 16:00:00,32.90460065818341
2024-11-27 16:00:00,32.891562343550845
2024-11-28 16:00:00,32.95141756513926
2024-11-29 16:00:00,33.19208706199461
2024-12-02 16:00:00,33.70174
2024-12-03 16:00:00,33.84482
2024-12-04 16:00:00,34.10861333333333
2024-12-05 16:00:00,34.493847916666674
2024-12-06 16:00:00,34.80302569444445
2024-12-09 16:00:00,35.05993947368421
2024-12-10 16:00:00,34.88846116541353
2024-12-11 16:00:00,34.799489713112564
2024-12-12 16:00:00,34.65651908395346
2024-12-13 16:00:00,34.65281846021101
2024-12-16 16:00:00,34.53808333333333
2024-12-17 16:00:00,34.530313725490196
2024-12-18 16:00:00,34.50386006607771
2024-12-19 16:00:00,34.2081337375753
2024-12-20 16:00:00,33.81011123027451
2024-12-23 16:00:00,33.44102105263158
2024-12-24 16:00:00,33.55699733413338
2024-12-25 16:00:00,33.62876404391879
2024-12-26 16:00:00,33.73840841526383
2024-12-27 16:00:00,33.711097210052095
2024-12-30 16:00:00,33.39963414634146
2024-12-31 16:00:00,33.41302540650406
2025-01-01 16:00:00,33.377490833251706
2025-01-02 16:00:00,33.34094611780455
2025-01-03 16:00:00,33.259507228915666
2025-01-06 16:00:00,33.77333333333333
2025-01-07 16:00:00,34.006616666666666
2025-01-08 16:00:00,33.94119682539682
2025-01-09 16:00:00,34.02602988505747
2025-01-10 16:00:00,33.85060867293626
2025-01-13 16:00:00,33.26287407407408
2025-01-14 16:00:00,33.53049953703704
2025-01-15 16:00:00,33.83194222009366
2025-01-16 16:00:00,34.205326224387804
2025-01-17 16:00:00,34.61217066883225
2025-01-20 16:00:00,35.59008097165992
2025-01-21 16:00:00,35.49583316875679
2025-01-22 16:00:00,35.66537026065268
2025-01-23 16:00:00,35.831071841527944
2025-01-24 16:00:00,36.17132910052911
2025-01-27 16:00:00,36.30897837837838
2025-01-28 16:00:00,36.28665047951176
2025-01-29 16:00:00,36.34920489483791
2025-01-30 16:00:00,36.46917506500808
2025-01-31 16:00:00,36.54978548684431
2025-02-03 16:00:00,35.49365625
2025-02-04 16:00:00,35.771828125
2025-02-05 16:00:00,35.97292087765957
2025-02-06 16:00:00,36.38836879432624
2025-02-07 16:00:00,36.65576462765957
2025-02-10 16:00:00,36.6785294117647
2025-02-11 16:00:00,36.79676470588235
2025-02-12 16:00:00,36.9104431372549
2025-02-13 16:00:00,37.37757777777778
2025-02-14 16:00:00,37.905432323232326
2025-02-17 16:00:00,39.0
2025-02-18 16:00:00,38.84929375
2025-02-19 16:00:00,38.5778625
2025-02-20 16:00:00,38.28107678571428
2025-02-21 16:00:00,38.00242481203008
2025-02-24 16:00:00,37.94835
2025-02-25 16:00:00,38.135425
2025-02-26 16:00:00,38.316116666666666
2025-02-27 16:00:00,38.2869
2025-02-28 16:00:00,38.13533495934959
2025-03-03 16:00:00,39.4196
2025-03-04 16:00:00,38.86605
2025-03-05 16:00:00,39.3307
2025-03-06 16:00:00,39.8475
2025-03-07 16:00:00,40.61333333333334
2025-03-10 16:00:00,39.9246
2025-03-11 16:00:00,39.9373
2025-03-12 16:00:00,39.964866666666666
2025-03-13 16:00:00,39.82533333333333
2025-03-14 16:00:00,39.958933333333334
2025-03-17 16:00:00,40.905
2025-03-18 16:00:00,41.0525
2025-03-19 16:00:00,41.028333333333336
2025-03-20 16:00:00,40.82666666666666
2025-03-21 16:00:00,40.42333333333333
2025-03-24 16:00:00,40.14666666666667
2025-03-25 16:00:00,40.29333333333334
2025-03-26 16:00:00,40.16545555555555
2025-03-27 16:00:00,39.96693333333333
2025-03-28 16:00:00,39.6173
2025-03-31 16:00:00,38.763333333333335
2025-04-01 16:00:00,38.95916666666667
2025-04-02 16:00:00,38.99553777777778
2025-04-03 16:00:00,39.17776
2025-04-04 16:00:00,38.482760000000006
2025-04-07 16:00:00,35.36
2025-04-08 16:00:00,35.735
2025-04-09 16:00:00,35.656666666666666
2025-04-10 16:00:00,36.25833333333333
2025-04-11 16:00:00,36.725
2025-04-14 16:00:00,38.426633333333335
2025-04-15 16:00:00,38.70831666666667
2025-04-16 16:00:00,38.79221111111111
2025-04-17 16:00:00,39.020266666666664
2025-04-18 16:00:00,39.04032536427042
2025-04-21 16:00:00,39.005
2025-04-22 16:00:00,39.1925
2025-04-23 16:00:00,39.545
2025-04-24 16:00:00,40.04666666666666
2025-04-25 16:00:00,40.540327777777776
2025-04-28 16:00:00,41.22
2025-04-29 16:00:00,41.33
2025-04-30 16:00:00,41.21333333333333
2025-05-01 16:00:00,41.38666666666666
2025-05-02 16:00:00,41.67333333333333
2025-05-05 16:00:00,42.8175
2025-05-06 16:00:00,42.70375
2025-05-07 16:00:00,42.67250000000001
2025-05-08 16:00:00,42.6
2025-05-09 16:00:00,42.675555555555555
2025-05-12 16:00:00,42.17
2025-05-13 16:00:00,42.365
2025-05-14 16:00:00,42.48
2025-05-15 16:00:00,42.64777
2025-05-16 16:00:00,42.7519774074074
2025-05-19 16:00:00,43.3
2025-05-20 16:00:00,43.474999999999994
2025-05-21 16:00:00,43.69499999999999
2025-05-22 16:00:00,43.81666666666666
2025-05-23 16:00:00,43.65
2025-05-26 16:00:00,43.856521739130436
2025-05-27 16:00:00,44.11826086956522
2025-05-28 16:00:00,44.11800724637681
2025-05-29 16:00:00,44.17583333333334
2025-05-30 16:00:00,44.06916666666667
2025-06-02 16:00:00,43.885
2025-06-03 16:00:00,43.9925
2025-06-04 16:00:00,44.18166666666667
